Yield,Flood Damage,Budget,Ecosystem,Urban Convenience,Forest Area,Resident Burden,Policy_ID,RCP,planting_trees_amount_t1,house_migration_amount_t1,dam_levee_construction_cost_t1,paddy_dam_construction_cost_t1,capacity_building_cost_t1,agricultural_RnD_cost_t1,transportation_invest_t1,planting_trees_amount_t2,house_migration_amount_t2,dam_levee_construction_cost_t2,paddy_dam_construction_cost_t2,capacity_building_cost_t2,agricultural_RnD_cost_t2,transportation_invest_t2,planting_trees_amount_t3,house_migration_amount_t3,dam_levee_construction_cost_t3,paddy_dam_construction_cost_t3,capacity_building_cost_t3,agricultural_RnD_cost_t3,transportation_invest_t3,Cluster
330082.7097100551,3979894493.802728,3473250000,12.521912746835495,99.52260853553688,42.46452500230712,56015.46428007106,0,2.6,1,1,0,2,1,2,2,2,1,0,2,2,2,1,0,1,2,2,0,1,2,0
185664.04649151256,10142403765.337788,9421500000,-59.431539887005385,100.0,84.92905000461424,142991.68756397322,1,8.5,2,0,1,0,1,2,0,2,2,1,2,0,0,0,2,2,0,2,0,2,1,1
240095.06986860605,7222458263.5132475,8746500000,25.710240495431893,99.38025066477182,84.92905000461424,104928.83888620918,2,6.0,2,1,1,0,1,1,0,1,1,0,1,2,2,1,0,0,2,1,0,1,0,2
338983.1906349074,2212731304.8539357,17821500000,24.764352181389196,99.03871666929862,84.92905000461424,45025.31278475392,3,2.6,2,2,2,1,0,1,2,1,2,1,0,0,1,0,0,1,1,2,0,2,1,4
226978.24460824617,6717966186.283731,7725000000,-49.027076554494116,100.0,0.0,95918.5269453606,4,6.0,0,0,1,2,1,0,0,2,1,2,1,0,2,1,0,1,1,1,2,0,0,1
306532.7550361005,4853719747.174498,9496500000,24.382739744596385,99.51817650030952,84.92905000461424,72808.25199732468,5,4.5,2,1,1,0,1,2,0,1,2,2,2,1,0,1,2,1,2,0,0,1,0,4
331526.56639895675,2605664258.9820766,1875000000,0.0,98.97515155227799,0.0,36497.52733738837,6,1.9,0,2,0,2,1,0,2,0,2,1,0,2,0,2,0,1,2,1,2,0,0,0
251861.35267776652,4371142475.6434765,16898250000,10.793426487992862,99.47996069256283,42.46452500230712,73512.2443012401,7,6.0,1,1,2,0,2,0,2,1,2,1,2,0,2,0,1,2,2,0,0,0,2,4
204498.51883275685,8166715416.764587,10223250000,-59.431539887005385,99.08295223236871,42.46452500230712,117584.36639403495,8,8.5,1,2,1,0,2,2,1,2,1,2,1,2,1,0,2,1,1,1,0,0,1,1
344438.8280102613,1892244550.2236571,16223250000,10.429061293811353,99.0033368407374,42.46452500230712,38819.329590196765,9,2.6,1,2,2,0,2,1,0,1,0,1,0,2,1,0,1,2,1,0,1,2,0,4
117703.66554264975,14744431539.723562,2146500000,22.293906294970792,98.8689341897289,84.92905000461424,198704.0824443005,10,8.5,2,2,0,2,0,1,1,2,0,0,2,2,0,1,0,1,0,2,2,0,0,2
321003.71281409863,3076455749.691075,17146500000,24.92930160984787,100.0,84.92905000461424,57009.465733229816,11,4.5,2,0,2,2,2,2,0,2,2,2,1,1,2,0,0,1,1,1,1,2,1,4
343684.9991458061,2982047898.620328,2746500000,23.863090201962695,100.0,84.92905000461424,42004.90033192954,12,1.9,2,0,0,2,0,2,1,0,1,2,0,1,0,1,2,1,0,1,0,0,0,0
171573.64410476154,7983525535.9636135,8798250000,-59.431539887005385,99.04711483259435,42.46452500230712,114063.63763005174,13,8.5,1,2,1,1,2,0,1,1,0,2,1,1,1,2,0,1,0,1,0,0,1,1
342643.57817294967,2090030619.655706,1050000000,0.0,99.520220096278,0.0,28750.490143333296,14,1.9,0,1,0,1,2,0,1,2,0,0,0,0,0,0,0,2,0,2,2,2,1,0
252440.49711708148,8370616000.864563,2798250000,-15.604277388966349,99.07312761134875,42.46452500230712,113994.71082107874,15,6.0,1,2,0,2,1,2,1,2,0,2,0,1,1,0,2,1,2,2,0,0,0,2
340429.5098795225,2915461311.018845,10321500000,21.033383766700776,99.49369974772225,84.92905000461424,47970.31447110489,16,2.6,2,1,1,1,1,2,1,1,1,2,2,2,1,2,2,0,1,0,1,2,2,4
286285.81881114136,5468600337.811251,9225000000,0.0,98.92432482513928,0.0,81173.68997169957,17,4.5,0,2,1,1,0,1,1,2,2,0,1,1,0,1,2,2,2,2,1,0,1,3
347196.238370723,2428659877.529781,10125000000,0.0,99.43309854587497,0.0,42303.828333473146,18,2.6,0,1,1,2,2,2,1,2,1,0,2,2,2,0,1,0,0,1,1,0,1,3
315371.0521037414,4318822721.260489,3300000000,-1.819464104211972,99.02721561373461,0.0,60421.55677801927,19,4.5,0,2,0,0,2,2,2,1,0,2,0,2,1,0,2,0,1,2,1,1,2,0
184032.9722048492,6250490658.7807865,15473250000,-56.7201506806111,99.01156102211975,42.46452500230712,97087.05608120131,20,8.5,1,2,2,0,2,0,0,0,2,1,1,0,0,1,0,0,0,2,1,2,1,1
187368.37403690256,10980538783.488142,10823250000,-6.141121914949212,100.0,42.46452500230712,157000.5143158382,21,8.5,1,0,1,1,1,2,2,2,1,1,0,0,2,1,1,0,2,0,2,0,0,1
359471.2513082552,1375478724.420797,18646500000,24.821122658890026,99.01288246775354,84.92905000461424,35088.01722616525,22,1.9,2,2,2,1,1,2,2,2,1,2,0,1,2,0,0,2,1,2,0,1,1,4
265684.64292237494,5216290955.689019,7996500000,25.422210615231894,98.94820882365043,84.92905000461424,76996.93085036118,23,4.5,2,2,1,0,0,0,0,1,2,2,1,2,2,2,0,0,1,2,2,2,1,2
339632.9319062515,2127957550.440567,16973250000,11.183408618284558,99.50706249116277,42.46452500230712,42946.30219102121,24,2.6,1,1,2,2,1,1,1,2,2,1,2,2,0,2,2,0,0,2,0,1,1,4
323692.5915282972,2343657648.2543225,16396500000,23.990035895638293,98.98413372658158,84.92905000461424,45881.30593996463,25,2.6,2,2,2,1,1,0,1,1,1,2,2,1,1,0,1,0,1,2,0,2,2,4
162751.22748574978,10000477552.62127,16148250000,-36.74625064969248,98.92144302607514,42.46452500230712,148222.29239249596,26,8.5,1,2,2,1,0,1,0,0,1,1,1,0,2,2,1,2,0,2,0,1,2,1
342957.60150368704,1852349819.2852921,16673250000,12.307585457016948,100.0,42.46452500230712,39134.982769123475,27,1.9,1,0,2,0,0,0,2,1,0,2,1,0,1,2,1,0,2,1,0,2,2,4
151442.20607430537,10421156736.334408,9248250000,-59.431539887005385,100.0,42.46452500230712,146479.5055895826,28,8.5,1,0,1,0,1,0,2,1,0,0,2,0,1,2,0,2,1,2,2,0,1,1
238080.7343294198,5636172825.03717,16898250000,12.299585457016951,100.0,42.46452500230712,90941.18590097371,29,6.0,1,0,2,2,1,0,2,0,2,0,1,1,0,1,0,2,1,2,2,1,0,3
338525.29626709386,2047672687.856207,16996500000,24.603825493670993,100.0,84.92905000461424,41819.15121009896,30,2.6,2,0,2,0,2,1,1,2,0,0,0,2,2,0,1,1,0,0,2,1,0,4
145592.58773203654,12311255702.76867,8573250000,-55.81285656868503,100.0,42.46452500230712,171471.40446716335,31,8.5,1,0,1,2,0,1,0,1,2,0,0,0,0,1,0,1,0,2,1,1,2,1
298186.5416245974,4199913115.938176,17048250000,0.12122916836930164,99.00515609869632,42.46452500230712,71191.55653229181,32,6.0,1,2,2,1,2,2,0,0,0,0,1,2,1,1,0,2,2,2,2,2,2,4
346157.4418092786,1493406671.3690345,15496500000,24.76879099870371,99.51819225537112,84.92905000461424,33726.5087759553,33,1.9,2,1,2,0,1,0,0,2,0,0,2,1,0,0,0,2,1,0,0,2,2,4
87572.16921038905,16635362939.537338,1396500000,-49.104627623332185,99.02425593124326,84.92905000461424,223006.6549827616,34,8.5,2,2,0,2,0,0,1,2,1,2,1,2,2,2,2,2,0,1,0,1,0,1
246142.3207759009,7074749442.379018,9473250000,-12.57591073941012,99.5488045445956,42.46452500230712,102054.8188716663,35,6.0,1,1,1,2,1,1,1,1,2,2,0,0,0,1,1,0,0,0,1,1,2,2
331830.375782137,3706332796.9842825,2071500000,23.908569567174183,100.0,84.92905000461424,51221.272043751575,36,2.6,2,0,0,2,1,2,0,1,1,2,2,0,2,2,0,2,0,2,2,1,2,0
176674.09958537028,6305316304.469741,15473250000,-59.431539887005385,99.55736380476296,42.46452500230712,97532.4509838488,37,8.5,1,1,2,1,2,0,0,1,1,1,0,1,0,2,0,1,2,2,1,0,1,1
345338.85233333387,2896860081.805389,1575000000,0.0,99.54057563371028,0.0,39939.02691265209,38,1.9,0,1,0,0,0,2,0,0,2,0,0,2,2,2,0,0,1,1,2,2,1,0
337458.60659447004,2024450497.4616907,2146500000,25.37130160984787,98.9835647519564,84.92905000461424,28937.978214382543,39,1.9,2,2,0,0,2,0,2,0,1,0,0,0,0,0,2,2,2,0,2,0,2,0
321801.93994566257,2957139079.274968,16996500000,25.39644049543189,99.4958649947519,84.92905000461424,54794.45507991861,40,2.6,2,1,2,1,0,0,2,2,0,2,1,0,2,1,2,0,1,0,0,1,0,4
119071.7905183558,12015597559.934847,421500000,-59.431539887005385,100.0,84.92905000461424,160538.3861496156,41,8.5,2,0,0,0,1,0,0,1,1,0,0,0,1,1,2,1,0,1,2,2,0,1
224539.5511299388,6950674892.101956,300000000,-0.6443017470453559,99.47157241786968,0.0,92941.66406398611,42,6.0,0,1,0,1,2,0,0,0,1,0,1,1,1,0,1,2,2,2,1,1,1,2
152632.6946652285,13095766347.953676,3646500000,-46.561627742310506,99.02074687653143,84.92905000461424,177715.24364489285,43,8.5,2,2,0,1,1,2,2,0,1,0,1,1,1,0,2,1,0,0,2,1,0,1
353477.18797993416,1934790812.2289019,9496500000,25.008757700670444,100.0,84.92905000461424,34479.3066584671,44,1.9,2,0,1,0,2,2,0,0,1,0,2,1,1,0,1,2,2,0,2,2,2,4
345217.3149111719,2645555712.9148803,9646500000,25.422210615231894,99.50200836304235,84.92905000461424,43944.8062021486,45,2.6,2,1,1,2,1,2,0,0,0,1,2,0,1,0,2,0,1,0,1,0,1,4
212682.26685262678,8793409285.482386,9496500000,25.171301609847873,99.48770062344143,84.92905000461424,125825.48525050658,46,6.0,2,1,1,1,0,0,2,0,1,1,1,1,2,0,1,2,0,1,1,1,2,2
337336.23736745125,1882558824.4121284,15323250000,11.869235746142031,99.52406795499722,42.46452500230712,37817.875035590776,47,1.9,1,1,2,1,0,0,0,0,2,2,0,0,1,1,1,0,1,1,0,0,1,4
245799.32495147525,6090553746.632422,17250000000,-21.4948793479689,100.0,0.0,95913.49836408811,48,6.0,0,0,2,0,0,1,2,0,0,1,1,1,0,1,2,1,2,0,1,1,2,3
274892.69191005256,4632915331.36608,398250000,12.812105307615944,99.47740558775004,42.46452500230712,62134.60894550167,49,4.5,1,1,0,0,2,0,0,0,1,0,1,0,0,0,2,1,2,2,2,2,2,0
280161.77262061805,4148303513.083025,1650000000,-0.31294777716275013,100.0,0.0,56768.68514111977,50,4.5,0,0,0,0,2,0,2,2,1,0,1,2,2,2,0,2,2,2,2,2,2,0
347340.819405011,1898465480.383783,8573250000,12.325912746835495,99.49721060762613,42.46452500230712,33126.30815389127,51,1.9,1,1,1,0,1,1,0,0,1,2,2,2,1,2,1,1,0,2,2,0,1,0
252119.20735283406,7954702346.598641,10096500000,-48.358787939861784,100.0,84.92905000461424,114262.28745296618,52,6.0,2,0,1,0,0,2,1,2,2,1,2,2,0,1,0,0,0,1,2,2,2,1
318948.7526624936,4222287051.8216457,1823250000,12.753585457016944,99.43754837896117,42.46452500230712,58018.73156071134,53,2.6,1,1,0,1,0,1,1,1,2,1,2,2,2,2,0,0,2,1,2,2,2,0
140053.9215843603,11848617017.815048,1073250000,-59.431539887005385,99.53871447466145,42.46452500230712,158928.83562953913,54,8.5,1,1,0,0,1,1,0,0,1,2,0,2,2,0,0,2,0,0,1,1,2,1
264156.59030195937,6755964511.57152,17146500000,13.102034408772534,98.96229422511541,84.92905000461424,105455.82045869077,55,6.0,2,2,2,2,0,2,0,1,0,2,1,1,2,0,2,1,1,1,0,0,2,2
338528.2749907699,2296087243.824873,8648250000,12.746120247715945,99.51349902437289,42.46452500230712,38151.68794564914,56,1.9,1,1,1,2,0,0,1,0,0,0,0,0,0,2,2,2,1,0,0,0,0,0
303044.76405336603,5438638206.479792,10650000000,-9.541896409995658,99.5489245231068,0.0,81565.05414076608,57,4.5,0,1,1,0,1,2,2,2,2,1,2,0,1,1,1,0,1,0,2,0,1,3
277200.8941556698,4704884318.108929,16321500000,8.593612263473396,99.52390792449988,84.92905000461424,76573.3623471451,58,4.5,2,1,2,2,0,0,1,0,2,0,2,1,0,1,2,0,0,2,0,2,1,4
289681.7372640698,3467383642.119597,7650000000,-26.78132124498171,100.0,0.0,52408.784575950674,59,4.5,0,0,1,0,2,0,0,0,1,2,0,1,0,1,2,2,0,1,1,2,0,3
302444.44085317454,3766794013.0291944,17475000000,0.0,100.0,0.0,66957.69732336084,60,4.5,0,0,2,2,1,1,2,0,2,0,0,2,2,0,1,1,2,0,0,0,1,3
282263.99323484936,4937733364.4731655,9473250000,12.746120247715945,99.45515086149842,42.46452500230712,74641.60370876771,61,4.5,1,1,1,2,1,0,2,2,1,1,1,1,0,1,0,2,2,2,2,0,0,0
324894.73160797585,2448280396.387752,8475000000,0.0,100.0,0.0,39812.64910631634,62,2.6,0,0,1,1,2,0,1,0,2,2,2,1,1,2,1,0,2,0,0,0,2,3
311487.2068847085,4113849099.0522623,10875000000,-5.0171242097288555,98.9093835220704,0.0,64513.358034638244,63,4.5,0,2,1,1,2,2,2,2,0,1,2,2,2,1,2,2,2,2,2,1,0,3
333651.30648312386,2730101305.1526165,2048250000,12.12505677023547,99.5077483771856,42.46452500230712,38193.52177917502,64,2.6,1,1,0,2,2,1,1,0,1,0,0,2,1,2,1,2,0,2,1,0,2,0
338550.60160143406,2313742659.9340096,1650000000,0.0,100.0,0.0,32251.070760286537,65,1.9,0,0,0,1,1,0,2,0,1,2,1,1,1,0,1,2,0,0,2,0,0,0
160490.01981435914,8865798059.11147,1950000000,-59.431539887005385,98.97307100817649,0.0,119944.72948717632,66,8.5,0,2,0,2,2,0,2,2,2,1,0,2,0,0,1,2,2,0,1,1,0,1
337644.7194849027,2388842275.1384,8498250000,12.505079744125338,100.0,42.46452500230712,39074.90136938379,67,1.9,1,0,1,0,1,0,1,2,1,2,2,2,1,0,1,1,0,0,2,2,2,0
274407.6261015713,4999016362.674787,8048250000,-6.96730239468223,99.05031949483639,42.46452500230712,73554.59043575454,68,4.5,1,2,1,2,1,0,0,1,0,0,0,1,2,0,2,0,1,1,0,2,0,2
288020.8435480547,4736951099.906522,17648250000,12.362105307615948,99.39205089540111,42.46452500230712,80764.38718674348,69,6.0,1,1,2,0,2,2,1,0,1,1,2,1,1,2,1,1,1,0,1,2,0,4
182945.3173946576,8694175788.747864,16073250000,-43.062137510406146,99.5116953516327,42.46452500230712,129947.21108734101,70,8.5,1,1,2,0,1,1,0,2,0,0,2,1,1,2,1,1,1,1,1,1,1,1
248582.23970054372,5999408478.377601,10546500000,24.661252258144554,98.97552535075019,84.92905000461424,89992.43062940483,71,6.0,2,2,1,2,2,1,2,2,2,1,0,0,1,1,0,0,1,0,1,2,0,2
353613.88047641347,1982545425.0832486,3323250000,12.4262948218443,100.0,42.46452500230712,29422.73965366361,72,1.9,1,0,0,0,2,2,2,2,2,0,1,0,2,2,1,0,2,1,1,2,2,0
327809.04259807896,1812068075.1611264,15300000000,0.0,100.0,0.0,37620.27129531102,73,2.6,0,0,2,2,2,0,0,0,2,1,2,2,0,1,1,2,2,1,0,2,2,3
190583.44588756084,9199762089.888145,17821500000,-15.742908393698825,100.0,84.92905000461424,139123.53319835383,74,8.5,2,0,2,2,1,2,1,1,2,0,0,2,2,1,0,0,0,1,0,2,2,1
126113.33664132317,12864253127.606236,9923250000,-27.4985461372021,100.0,42.46452500230712,180800.4887036679,75,8.5,1,0,1,0,0,1,2,2,2,1,2,0,2,0,0,0,1,1,2,1,1,1
119897.09051908873,12068693373.798988,7575000000,-59.431539887005385,99.56568613004112,0.0,166849.62974374628,76,8.5,0,1,1,0,0,0,0,0,0,2,2,0,1,2,1,1,0,0,1,0,0,1
314552.65341149404,4668290708.654073,2325000000,0.0,99.45579820674058,0.0,64413.93033856649,77,2.6,0,1,0,0,0,1,2,2,2,2,0,0,0,1,2,2,0,1,0,1,1,0
99682.53173901325,14913421662.543045,150000000,-59.431539887005385,100.0,0.0,198967.74222885913,78,8.5,0,0,0,2,0,0,0,2,2,0,0,1,1,1,2,2,0,2,1,2,2,1
160935.5850244225,10734249837.952024,16223250000,-51.08860822570813,99.01795920009829,42.46452500230712,156863.0879031877,79,8.5,1,2,2,2,0,1,0,0,1,2,1,0,0,2,1,2,0,1,1,0,1,1
251366.26840039022,7435482376.594815,998250000,12.861115257715944,99.43829518785391,42.46452500230712,100091.00990932422,80,4.5,1,1,0,0,0,0,1,2,0,0,0,0,1,2,1,0,0,2,2,0,1,2
345105.19767452474,1631609069.8746965,17146500000,-9.123831730801466,100.0,84.92905000461424,35325.07972360087,81,2.6,2,0,2,2,2,1,1,0,0,1,0,0,2,2,0,1,1,0,1,2,1,4
144520.6626480126,11095545137.83885,1223250000,-32.658468723417,99.48946579334248,42.46452500230712,149014.40641174468,82,8.5,1,1,0,2,1,0,1,0,1,2,1,0,0,2,0,2,2,1,0,0,2,1
194298.25202193,9725998504.861444,16823250000,-21.552429818981548,99.4767468188252,42.46452500230712,145013.0331189732,83,8.5,1,1,2,1,0,2,0,1,0,2,0,0,0,0,0,0,1,2,0,0,0,1
290389.5044905877,4385333585.898248,17625000000,0.0,99.4480134849525,0.0,75312.41196866239,84,6.0,0,1,2,2,2,2,1,1,0,2,1,0,2,0,1,0,0,2,2,1,1,3
136788.57259118662,9587719219.00476,1148250000,-59.431539887005385,100.0,42.46452500230712,128867.55359477726,85,8.5,1,0,0,1,2,0,1,2,1,2,2,1,1,1,1,1,1,2,2,1,1,1
154861.1208268594,8361014282.638199,15646500000,-15.851354523723323,99.48861605151546,84.92905000461424,125326.95510287886,86,8.5,2,1,2,2,1,0,0,2,0,0,2,1,1,2,2,2,1,0,0,0,0,1
183923.72222420247,10302964671.462646,10898250000,-48.850981818444225,99.52099951141261,42.46452500230712,146834.68912971782,87,8.5,1,1,1,1,1,2,2,2,1,2,0,2,1,2,2,1,2,2,1,2,1,1
331595.9648408242,1757409991.8290102,16396500000,25.39044049543189,98.87355713500826,84.92905000461424,38969.055572293786,88,2.6,2,2,2,0,2,0,1,1,0,1,0,1,1,1,1,0,1,1,2,0,2,4
331706.8638688089,1559649463.3745341,16125000000,0.0,99.02973205660227,0.0,35052.16640420073,89,2.6,0,2,2,1,2,0,1,1,2,1,1,2,0,1,1,1,1,2,2,2,1,3
165850.159660926,8878266749.877674,7800000000,-16.54608056084364,98.99062847304647,0.0,125588.31510853223,90,8.5,0,2,1,0,2,0,0,0,2,2,0,0,2,0,1,2,2,1,0,0,0,1
346787.3632368463,1081887617.8754122,16050000000,0.0,100.0,0.0,27755.64581711076,91,1.9,0,0,2,2,2,0,1,2,0,2,1,2,0,0,1,2,2,0,0,2,1,3
229354.99590194927,6734525879.082837,450000000,0.0,99.04862237433997,0.0,90194.65485789106,92,6.0,0,2,0,2,2,0,0,1,0,1,2,0,2,1,1,2,2,1,2,2,1,2
146961.64880126115,10108767184.804504,16673250000,-18.017161586135757,100.0,42.46452500230712,150388.6994249093,93,8.5,1,0,2,0,0,0,2,1,1,2,0,1,2,2,1,2,2,0,2,2,0,1
183176.56251750526,10891247187.347534,1171500000,-22.131538849356026,99.49995659080393,84.92905000461424,146248.5565721054,94,6.0,2,1,0,0,0,0,1,0,1,2,2,1,0,2,0,1,2,2,0,2,0,1
357129.0202415214,1591589926.2119222,11071500000,23.44468627645676,99.55424147552576,84.92905000461424,30576.381025688934,95,1.9,2,1,1,0,2,2,2,0,0,2,0,1,2,0,0,1,2,1,0,1,2,4
354211.5500906887,1968694466.2145376,10823250000,12.129633076103016,100.0,42.46452500230712,35982.60077179789,96,1.9,1,0,1,1,1,2,2,1,0,2,0,0,1,2,1,1,0,0,2,2,1,0
275821.7844949546,5583191626.693085,18300000000,0.0,99.48881856130313,0.0,91300.2877860189,97,6.0,0,1,2,2,1,2,2,0,1,2,0,0,0,0,2,0,1,0,0,1,1,3
350911.1483302872,1936541464.704919,17896500000,24.59982549367099,99.50446838984176,84.92905000461424,41355.94769219857,98,2.6,2,1,2,2,1,2,1,0,2,2,1,1,0,1,0,1,1,1,0,2,2,4
169760.1324400356,12336545682.27297,2971500000,25.860440495431888,98.83811844481993,84.92905000461424,167427.6552419604,99,8.5,2,2,0,2,1,2,1,0,1,0,1,1,1,1,1,2,2,0,1,1,2,2
194525.74711278774,8796664849.274654,3623250000,7.916296507562836,98.91844240348962,42.46452500230712,120697.84745421352,100,8.5,1,2,0,2,2,2,2,0,2,1,2,0,0,1,2,0,0,2,2,2,1,2
304857.8579813104,3865615467.77749,10321500000,25.68824049543189,99.4560740063818,84.92905000461424,61154.95422900505,101,4.5,2,1,1,0,2,1,2,1,1,0,1,0,2,2,2,2,2,2,2,0,0,4
336719.7456280659,3635676696.752716,10650000000,0.0,99.5057121164122,0.0,57476.422018503916,102,2.6,0,1,1,1,0,2,2,1,1,0,1,2,1,2,2,0,2,1,1,2,2,3
246528.83348484177,4314235282.186707,15300000000,-4.6307605229897195,100.0,0.0,70819.3393531128,103,6.0,0,0,2,2,2,0,0,1,2,2,2,0,2,2,0,2,0,0,0,1,1,3
345198.8028418672,2088370472.8652325,1996500000,25.920240495431887,100.0,84.92905000461424,29760.83948398581,104,1.9,2,0,0,0,2,1,1,2,0,2,0,0,2,1,2,0,0,0,1,1,1,0
340189.41394585685,2265189535.8954897,8896500000,25.706240495431892,98.99911584430369,84.92905000461424,38241.41538329905,105,1.9,2,2,1,1,1,0,1,1,1,0,0,0,0,2,0,0,2,1,0,1,1,4
216705.86936667067,7952803846.779929,18496500000,-26.904575141305788,100.0,84.92905000461424,122883.61867627337,106,8.5,2,0,2,1,1,2,2,2,1,2,1,1,1,1,0,1,1,0,2,2,1,1
356048.5773266136,1772427601.73575,2550000000,0.0,100.0,0.0,25836.35509379351,107,1.9,0,0,0,2,2,2,1,1,0,1,2,0,1,2,1,2,2,0,2,2,0,0
335358.4723222458,2594373547.6201053,1650000000,0.0,99.46381656482023,0.0,36077.353648182965,108,1.9,0,1,0,0,1,0,2,0,0,1,0,2,2,2,0,2,2,1,0,0,0,0
338471.3104101908,2738000841.5638103,8723250000,12.018017947819144,98.94520609717375,42.46452500230712,44575.4984380404,109,2.6,1,2,1,0,2,1,0,0,2,1,2,0,1,1,0,0,2,1,2,1,2,0
191969.4772295762,9800940712.87428,10321500000,24.226035895638294,99.33228932649352,84.92905000461424,141058.51892048944,110,8.5,2,1,1,1,1,2,1,0,1,0,1,0,1,0,0,0,0,1,0,2,2,2
349438.42794895417,2486393369.071847,2475000000,0.0,98.9520554066835,0.0,35424.9262638858,111,1.9,0,2,0,0,1,2,1,1,2,1,1,1,2,2,2,0,0,1,1,2,2,0
321861.6691363129,4942108510.386861,1748250000,12.072722894674643,99.43458306495906,42.46452500230712,67483.62289052733,112,2.6,1,1,0,0,0,2,0,1,0,1,2,1,1,1,1,1,0,2,2,1,2,0
359614.3848549573,1413040615.1856754,17573250000,12.46022024771595,99.40757741908578,42.46452500230712,36323.37418054313,113,1.9,1,1,2,0,1,2,1,0,1,1,1,1,2,2,2,2,2,1,1,2,2,4
130482.03631681742,11642449362.684341,1073250000,-43.52646927278094,100.0,42.46452500230712,156192.7883255127,114,8.5,1,0,0,1,1,0,1,1,0,1,0,1,2,0,2,1,2,2,1,0,0,1
345481.22662083496,2389373611.030734,9998250000,12.325912746835495,99.502011626884,42.46452500230712,40902.3422013786,115,1.9,1,1,1,0,0,1,2,0,0,1,0,0,1,2,2,2,0,2,1,0,1,0
300566.727186532,6193848873.227184,10973250000,9.89784456205858,99.04849210809607,42.46452500230712,92095.16597312578,116,4.5,1,2,1,2,0,2,2,2,1,1,0,1,2,0,0,0,0,1,1,1,2,2
334755.36325259483,2601834425.500764,7800000000,0.0,98.88841406822468,0.0,42018.35114731204,117,1.9,0,2,1,2,0,0,0,0,1,1,1,0,2,0,2,0,1,0,0,0,1,3
323764.16461876465,3830435101.176235,18225000000,0.0,99.45041644523405,0.0,67585.50491387579,118,4.5,0,1,2,1,1,2,2,1,2,2,1,2,2,1,1,2,0,2,1,1,1,3
346094.7671662142,2735861748.1555896,9150000000,0.0,100.0,0.0,45319.82027184032,119,1.9,0,0,1,2,0,2,0,1,1,0,1,2,0,1,1,2,2,2,0,0,2,3
133364.64857983973,11825134231.385569,8723250000,-40.259141537095346,99.07132674057101,42.46452500230712,165113.97358499028,120,8.5,1,2,1,2,0,0,1,2,0,0,2,1,2,0,1,2,0,1,2,0,1,1
295783.77614176646,2651815437.8636503,15450000000,-49.193729639746806,99.13820613627375,0.0,47799.29520248071,121,4.5,0,2,2,2,2,0,0,0,0,0,0,0,0,2,2,1,1,2,2,1,2,3
296514.78142933565,4549447077.368981,1200000000,0.0,99.07072794661983,0.0,61711.85741986718,122,4.5,0,2,0,2,2,1,0,1,0,2,1,1,1,1,2,2,0,0,0,2,1,0
348570.8928931396,2497605491.561943,9300000000,0.0,99.00555182700182,0.0,41463.78109001814,123,1.9,0,2,1,2,0,2,0,2,1,2,1,1,0,2,2,2,1,0,2,0,0,3
320926.95875501586,3827426867.0882893,10298250000,12.694519247715945,99.50155906880788,42.46452500230712,60436.979605334825,124,4.5,1,1,1,2,2,2,1,1,0,1,1,0,2,1,0,0,1,2,1,2,2,0
355098.93543737,1807800293.6932776,17746500000,19.565514900106358,99.53612022296673,84.92905000461424,39269.47978651225,125,1.9,2,1,2,1,0,2,1,0,0,0,0,2,1,2,0,2,2,2,0,1,2,4
232887.4686756545,10137828364.244461,1921500000,25.50717091403389,100.0,84.92905000461424,137003.54178324685,126,6.0,2,0,0,1,0,2,0,0,2,1,2,0,1,0,2,0,0,2,0,2,0,2
175524.89325818425,7339231656.144839,8873250000,-41.488501006763464,99.02652268829993,42.46452500230712,105571.85778214356,127,8.5,1,2,1,2,2,0,1,1,1,0,2,2,1,2,2,1,0,2,0,0,1,1
211627.94997087735,7795755033.678989,225000000,0.0,98.95133700180654,0.0,104157.4909351362,128,6.0,0,2,0,0,1,0,0,1,1,2,0,0,2,1,1,2,0,0,0,2,0,2
335751.43636603653,2675263408.0663576,17648250000,12.40711525771595,98.97286244156248,42.46452500230712,52274.85432035154,129,2.6,1,2,2,1,0,1,2,1,0,1,0,2,2,2,0,2,0,2,0,0,2,4
341606.92509772663,1806913708.6806808,15496500000,25.16421061523189,98.88057398807204,84.92905000461424,38583.536396251744,130,1.9,2,2,2,0,0,0,0,1,2,2,2,2,1,2,0,0,1,2,1,1,0,4
340606.9541997825,2068630590.9013233,17896500000,23.712489772010986,99.5453528495863,84.92905000461424,42899.73636692888,131,2.6,2,1,2,2,1,1,2,1,0,1,1,0,2,0,1,2,0,1,1,1,2,4
127641.37727521276,11809603760.377914,1650000000,-47.67380970225291,100.0,0.0,159020.97520739696,132,8.5,0,0,0,1,1,0,2,0,2,2,2,2,1,2,1,2,2,2,2,1,1,1
254413.16708098524,7304939532.437479,1148250000,9.480239581973237,99.5238299645352,42.46452500230712,98408.72550744517,133,4.5,1,1,0,2,0,0,1,2,2,1,0,1,2,0,0,0,1,1,2,0,0,2
352001.2098210225,2179184919.0118737,3225000000,0.0,100.0,0.0,31787.630594207658,134,1.9,0,0,0,1,2,2,2,1,1,1,2,1,0,0,1,0,1,2,2,1,0,0
283716.58725638385,5313824941.396134,17821500000,22.623488205414365,100.0,84.92905000461424,86479.21139589406,135,6.0,2,0,2,2,1,2,1,2,0,0,1,1,1,0,0,0,1,0,1,0,1,4
331807.42757229245,2887948836.18862,150000000,0.0,99.49361450917937,0.0,38645.29753894451,136,1.9,0,1,0,1,0,0,0,1,1,0,2,2,1,2,2,0,2,0,2,2,0,0
251778.83970458055,8340069919.486616,3398250000,10.177984307801262,99.01072828699964,42.46452500230712,114179.33145733624,137,6.0,1,2,0,0,1,2,2,0,1,1,1,0,1,0,2,0,2,0,2,0,1,2
346389.08875893406,1961021296.8197064,16096500000,24.92130160984787,100.0,84.92905000461424,39480.554939207344,138,1.9,2,0,2,0,0,1,0,2,1,1,2,1,1,1,2,1,0,2,1,1,1,4
355710.9741825959,1669543610.9979372,16996500000,25.25823051543189,98.77125604126536,84.92905000461424,39444.78968429057,139,1.9,2,2,2,0,0,2,0,2,0,0,0,0,0,0,0,0,0,1,1,2,0,4
203841.6413144467,8520449369.235436,17648250000,-21.15654245952479,99.00703517625765,42.46452500230712,129671.08537843195,140,8.5,1,2,2,0,1,2,1,2,1,2,2,0,0,2,2,0,0,2,1,0,1,1
325162.8380186986,3098282196.6706333,3046500000,24.43796928899546,98.95501162736193,84.92905000461424,44031.746805690505,141,2.6,2,2,0,2,2,1,2,1,0,1,1,1,2,2,0,0,0,1,0,2,1,0
252210.0118709528,5499316303.982439,9473250000,12.254413675939393,98.890436941858,42.46452500230712,82237.25681054516,142,6.0,1,2,1,0,2,1,1,0,0,1,0,0,2,1,1,2,1,0,0,1,0,2
185485.9000948965,10390275029.106304,17573250000,-59.431539887005385,100.0,42.46452500230712,153618.64138401597,143,8.5,1,0,2,2,0,2,1,1,2,1,2,2,2,0,0,2,1,1,2,0,1,1
344125.2183563151,1318323130.2514594,15398250000,12.35210530761595,100.0,42.46452500230712,31978.552981591223,144,1.9,1,0,2,2,1,0,0,1,2,1,1,2,2,1,0,1,2,0,0,1,0,4
273186.959943286,5790702424.61914,11146500000,-30.804360045582957,99.03325027320817,84.92905000461424,86714.81955199694,145,6.0,2,2,1,0,2,2,2,1,1,2,0,1,1,1,2,2,2,0,1,0,0,2
332875.8066449599,3532557604.30743,2971500000,23.017488205414363,99.09620604866889,84.92905000461424,49585.989676599944,146,2.6,2,2,0,2,1,2,1,2,2,2,1,0,1,1,0,0,2,0,2,0,1,0
326819.4982664685,2247617015.532857,15646500000,24.59406146583325,99.4441344189948,84.92905000461424,44400.65417241966,147,2.6,2,1,2,2,1,0,0,1,1,0,2,2,0,0,2,2,0,2,1,1,1,4
341507.18299291946,1819307108.8866131,7973250000,12.133633076103015,99.52809589434078,42.46452500230712,31315.882060442553,148,1.9,1,1,1,1,2,0,0,2,0,0,0,1,2,1,0,2,0,1,0,0,0,0
253204.48669879627,7095983183.035365,1823250000,6.4344147716228,98.8492770153753,42.46452500230712,96289.80514784066,149,4.5,1,2,0,0,0,0,2,0,0,1,1,2,0,1,1,1,0,0,1,2,2,2
286698.3359209552,4952308340.21875,9721500000,11.285342158290629,99.02752433603366,84.92905000461424,74419.74534785801,150,6.0,2,2,1,1,2,2,0,0,2,1,2,1,2,0,2,1,0,1,0,2,2,2
290412.655910374,3615728637.551602,8625000000,0.0,99.54220472908328,0.0,55505.521937701255,151,4.5,0,1,1,2,2,0,1,0,2,2,2,2,1,1,2,1,1,0,1,0,1,3
137298.4118187504,10357444181.850502,2048250000,12.900519247715945,99.44622647450258,42.46452500230712,140081.5494950709,152,8.5,1,1,0,2,2,0,2,0,2,0,2,0,1,2,1,1,0,0,2,0,1,2
315377.65349554404,4615327585.998004,18248250000,-20.10978795415679,99.60784794435547,42.46452500230712,76716.8278258093,153,4.5,1,1,2,0,0,2,2,0,1,0,0,1,0,1,2,0,0,0,1,1,0,3
335220.4810346015,2346916503.038739,9323250000,11.921459184597962,98.87914133114714,42.46452500230712,40108.370882013376,154,1.9,1,2,1,0,0,0,2,2,1,1,1,1,0,0,2,1,0,2,1,1,0,0
296256.7292706654,3016195743.888879,15473250000,12.354105307615951,100.0,42.46452500230712,54503.96084980254,155,4.5,1,0,2,2,2,0,0,2,1,2,2,1,0,2,0,0,1,1,0,1,1,4
294515.52664263366,2747433044.4968567,16298250000,-27.087417314557342,99.59846345693141,42.46452500230712,49957.94680094873,156,4.5,1,1,2,2,2,0,1,1,2,2,1,1,2,1,0,1,2,1,0,2,1,3
173782.21561312128,11655973076.321297,10800000000,-59.431539887005385,99.02083809774449,0.0,164794.68959251343,157,8.5,0,2,1,2,0,2,2,2,2,0,0,1,0,0,0,2,0,1,2,0,1,1
131941.59364303417,11584487104.258839,8071500000,-17.701349344117425,99.46384803149584,84.92905000461424,161854.49834492969,158,8.5,2,1,1,1,1,0,0,1,2,0,2,0,2,1,1,1,1,0,1,0,2,1
190707.50723732339,7128404325.019918,16898250000,-31.840899102788686,100.0,42.46452500230712,110230.54229774706,159,8.5,1,0,2,1,2,1,1,1,1,1,1,1,0,2,0,2,0,0,1,1,0,1
339550.74716486695,2461012849.93446,16996500000,25.26023051543189,99.4333863864162,84.92905000461424,49180.22382906106,160,2.6,2,1,2,1,0,1,1,1,2,1,2,1,1,0,1,1,0,0,2,0,1,4
314342.19456898177,3242130487.445082,1396500000,25.860440495431888,99.53883276108787,84.92905000461424,44429.49066081599,161,2.6,2,1,0,2,1,0,1,2,1,1,0,2,2,1,0,2,2,0,0,2,2,0
330301.9472583217,3959775668.620361,10050000000,0.0,98.94774851297454,0.0,61987.790886750234,162,2.6,0,2,1,2,0,2,1,0,0,0,1,2,1,0,1,1,2,1,0,0,0,3
239241.8959409775,5978455909.921999,9300000000,-6.365534846333799,99.09891659119556,0.0,87632.78904950098,163,6.0,0,2,1,0,2,0,2,0,1,2,1,0,0,1,0,1,0,1,1,2,0,3
312742.2335903417,4244819185.240992,248250000,12.753585457016944,100.0,42.46452500230712,56807.172916358984,164,2.6,1,0,0,1,0,0,0,0,0,0,0,0,2,2,1,2,0,1,2,1,2,0
320366.0604022281,2480134941.2160683,15000000000,0.0,100.0,0.0,46883.79360309079,165,2.6,0,0,2,0,0,0,0,2,1,2,0,1,1,2,0,2,2,1,2,1,1,3
291273.8767421777,4855008012.302514,9398250000,12.722220247715946,99.48214246794473,42.46452500230712,73151.32887834247,166,4.5,1,1,1,1,1,1,1,2,0,2,0,0,0,1,2,1,0,0,2,1,0,0
159663.63316795375,8422360913.3648205,8123250000,-58.958824243179826,99.08242416430055,42.46452500230712,119224.48675487124,167,8.5,1,2,1,2,2,0,0,1,2,1,0,0,2,0,0,2,2,0,0,1,1,1
358599.06097376155,1632398622.6669161,18248250000,12.39911525771595,100.0,42.46452500230712,38378.69327527304,168,1.9,1,0,2,0,1,2,2,0,0,1,2,2,0,1,2,1,2,1,0,0,1,4
332188.34421270574,2962624648.751527,10298250000,11.630343138228378,98.9391168736577,42.46452500230712,48770.58334266519,169,2.6,1,2,1,2,1,1,2,1,0,2,0,1,0,1,1,0,2,2,0,2,0,0
356215.2140615162,1689169707.4647462,9646500000,25.706240495431892,99.55492895310897,84.92905000461424,30536.14211411819,170,1.9,2,1,1,2,1,2,0,1,2,2,2,2,1,1,1,1,1,1,1,1,1,4
342629.3100629634,2728957050.8661103,2221500000,2.2769161576343735,99.55116041619874,84.92905000461424,38275.05540840487,171,2.6,2,1,0,2,2,2,0,2,2,1,2,1,0,1,0,0,2,1,0,2,0,0
280743.39926560584,4986321606.655418,16396500000,24.21326615220603,99.09456703439618,84.92905000461424,80458.3512149551,172,4.5,2,2,2,2,0,0,1,1,1,1,0,1,2,0,1,0,2,1,2,2,1,4
236709.53939087302,5383121582.3467045,16650000000,-1.7521391403497613,99.47298406125672,0.0,86214.43472721822,173,6.0,0,1,2,0,1,0,2,2,2,1,1,0,0,0,1,1,2,2,1,2,1,3
269646.27820530685,5524559642.010925,10125000000,-39.57340583036209,99.57694101474578,0.0,82328.59708815422,174,6.0,0,1,1,2,2,2,1,1,0,0,2,0,0,2,1,2,1,1,1,2,1,3
297254.09798064415,3745236009.087507,16575000000,0.0,100.0,0.0,65416.79902539624,175,4.5,0,0,2,0,1,1,1,1,0,0,1,2,0,1,1,0,2,2,0,1,0,3
269276.9117171467,6815683857.743729,18496500000,23.682963772462287,99.50215643445931,84.92905000461424,107047.78855995728,176,6.0,2,1,2,1,0,2,2,0,1,0,1,1,2,0,2,0,1,0,2,2,2,4
227343.26625874153,6658037611.650746,15646500000,20.47477533168432,99.01151295299483,84.92905000461424,102431.55036965973,177,6.0,2,2,2,2,0,0,0,2,2,2,1,0,1,1,0,0,1,0,1,0,2,2
214195.3277100463,8185800315.128963,10471500000,25.518230515431895,98.9136545202849,84.92905000461424,119040.04500801738,178,8.5,2,2,1,1,2,2,1,2,2,1,1,0,1,2,2,0,0,1,0,0,2,2
202331.05347053762,7945788036.824149,16996500000,-54.47792166596962,99.49465726412264,84.92905000461424,120692.92753592657,179,8.5,2,1,2,0,1,2,0,0,0,0,1,2,1,0,2,0,0,1,0,1,0,1
175146.5450316743,11077880558.559677,10898250000,-59.431539887005385,100.0,42.46452500230712,157074.75556084843,180,8.5,1,0,1,2,1,2,2,1,2,1,0,2,0,2,2,2,1,0,2,0,2,1
162546.80739907981,9108073828.692133,3046500000,-59.431539887005385,99.06675198279747,84.92905000461424,124001.7342320313,181,8.5,2,2,0,2,2,1,2,0,0,0,1,0,2,1,1,0,0,2,2,0,2,1
287089.0391573004,3236065398.679733,16298250000,12.35410530761595,99.47671533554427,42.46452500230712,57950.654367073206,182,4.5,1,1,2,2,2,0,1,2,1,0,0,0,1,2,2,2,2,1,0,2,0,4
193320.84240541258,7052475652.91756,17550000000,-13.708340158090929,99.46440323424575,0.0,110058.88551287696,183,8.5,0,1,2,1,2,1,2,1,2,2,0,0,1,2,1,0,2,0,2,2,2,3
332522.1271095214,2320060177.022031,16921500000,25.44424049543189,100.0,84.92905000461424,45781.89132929345,184,2.6,2,0,2,1,0,1,1,0,0,1,0,1,1,2,2,0,0,2,2,1,0,4
256029.774040354,5734594814.7881775,8550000000,-11.68032753825131,99.03565392537948,0.0,83821.69544143268,185,6.0,0,2,1,0,2,1,0,1,2,2,1,2,2,2,2,0,2,2,2,2,0,3
253516.69503488883,8230824091.331811,10223250000,-12.476417736650067,98.9875828563198,42.46452500230712,118781.1664993494,186,6.0,1,2,1,2,0,2,1,1,0,1,2,1,1,0,0,0,1,0,1,0,1,2
267144.6991148612,4574381146.851906,16050000000,-58.97710686230188,99.5450046184713,0.0,74249.96943846653,187,6.0,0,1,2,1,2,1,0,1,0,2,1,1,2,1,0,2,2,2,2,0,2,3
228528.6022864176,7488810809.444202,9571500000,-34.27659459678617,99.54316473691976,84.92905000461424,107993.3073641564,188,6.0,2,1,1,1,1,0,2,1,1,1,1,2,1,0,2,1,0,2,1,0,2,1
283260.7173869061,7511167997.950773,2596500000,25.37130160984787,100.0,84.92905000461424,102327.79693309414,189,4.5,2,0,0,0,0,2,1,2,0,1,0,1,0,2,2,2,0,0,1,2,2,2
232420.160788952,5899733490.6426,8221500000,24.451266152206035,99.4503067760171,84.92905000461424,86624.34239211919,190,6.0,2,1,1,2,2,0,0,1,2,0,1,2,0,0,1,0,0,0,0,2,2,2
319264.82243031746,3481524235.4554353,7650000000,0.0,100.0,0.0,52865.01965239788,191,2.6,0,0,1,2,0,0,0,0,2,1,2,2,1,1,0,2,1,1,2,0,1,3
331142.61498269823,3744655742.227918,2221500000,25.900240495431888,98.94354342441243,84.92905000461424,51934.54258921114,192,2.6,2,2,0,2,1,2,0,2,2,2,2,0,2,1,0,1,2,0,0,1,2,0
217776.84890083203,7872230315.355762,10823250000,-56.62481668839558,100.0,42.46452500230712,114379.27093383277,193,8.5,1,0,1,0,2,2,2,2,1,0,2,1,0,0,2,2,2,2,1,0,0,1
341174.55088823027,2449876004.9753304,9248250000,12.335299798120461,99.51562590864748,42.46452500230712,40582.993533037625,194,1.9,1,1,1,0,0,1,1,1,2,0,1,0,1,1,0,1,1,1,1,2,0,0
354336.96831615584,1731670583.2615926,16246500000,25.33303849543189,100.0,84.92905000461424,38117.72306959537,195,1.9,2,0,2,2,0,1,0,2,2,2,2,0,0,1,1,1,1,1,0,1,2,4
334717.0378732893,2660702152.430069,1125000000,0.0,99.51069282254088,0.0,36471.45884079454,196,2.6,0,1,0,2,2,1,0,1,1,0,2,0,1,2,1,1,0,2,0,1,2,0
318215.0417092586,4020196751.09998,8250000000,0.0,100.0,0.0,61246.346918715986,197,2.6,0,0,1,0,0,1,0,0,0,2,1,0,2,2,0,1,0,2,0,2,2,3
356524.1149451255,1097761053.3638515,17746500000,25.39044049543189,100.0,84.92905000461424,31415.28145556129,198,1.9,2,0,2,0,2,1,2,2,1,1,1,0,0,1,2,0,2,1,0,0,0,4
136296.43303515782,10054394234.640083,8146500000,-59.431539887005385,99.52201181495869,84.92905000461424,140994.89482792595,199,8.5,2,1,1,2,1,0,0,0,2,0,0,0,0,1,0,2,1,0,2,0,1,1
302272.887552685,4624514986.854895,1996500000,24.04023250454357,98.95395235541369,84.92905000461424,63424.89663432428,200,2.6,2,2,0,0,0,0,2,0,2,1,1,2,0,1,0,1,2,2,2,2,1,0
342516.29519282636,1963034212.309366,646500000,25.860440495431888,100.0,84.92905000461424,26768.737893746158,201,1.9,2,0,0,2,2,0,0,2,2,2,1,1,1,0,0,2,2,0,2,2,2,0
166765.5233213107,8523833343.291123,15300000000,-37.995466695557965,99.50872839942694,0.0,127533.33724208342,202,8.5,0,1,2,2,1,0,0,1,2,1,0,0,0,1,1,1,1,0,1,1,0,1
283007.06659018237,5515082434.221432,9548250000,8.51604579945472,99.04598012459502,42.46452500230712,81906.16760162244,203,6.0,1,2,1,1,2,2,0,0,2,1,1,1,0,2,1,0,0,1,2,2,1,2
276175.24630886415,5800600961.992024,18375000000,-3.8840509475054183,99.03739870160439,0.0,93669.71440477362,204,6.0,0,2,2,2,1,2,2,2,2,0,1,0,0,1,2,2,1,0,2,1,1,3
329894.77914959344,3300563767.3074546,9571500000,25.171301609847873,99.56979563278485,84.92905000461424,52066.622313209074,205,2.6,2,1,1,1,1,1,1,0,1,1,0,0,2,2,1,2,2,2,0,0,1,4
358677.49366343947,1613250633.6560462,9473250000,12.746120247715945,100.0,42.46452500230712,30462.755015643488,206,1.9,1,0,1,2,2,2,0,1,0,1,1,2,0,2,1,2,1,0,2,1,0,0
171486.58610070078,7974811891.015158,16996500000,-20.527668526271963,99.48859008332354,84.92905000461424,121570.38175789145,207,8.5,2,1,2,0,1,0,2,0,2,0,0,1,0,1,2,0,1,2,1,2,1,1
339018.8341765863,2057434915.6284,9646500000,25.652440495431893,99.48162658416672,84.92905000461424,36288.75398761078,208,1.9,2,1,1,2,1,0,2,0,0,1,2,2,2,1,2,0,2,0,2,0,2,4
320637.3840471359,3540548400.7937436,18571500000,-5.445194694286259,100.0,84.92905000461424,62634.057698101824,209,4.5,2,0,2,2,1,2,2,1,0,1,2,1,1,1,1,2,0,2,1,1,0,4
250527.6359468152,6679710445.914109,2550000000,0.0,100.0,0.0,91261.83942655833,210,6.0,0,0,0,2,2,1,2,2,1,1,0,1,1,0,2,1,1,1,1,1,1,3
353122.66084470367,2025709445.2533493,11146500000,25.305170914033894,98.81766841178062,84.92905000461424,37867.97840711214,211,1.9,2,2,1,1,1,2,2,2,1,2,0,0,2,2,0,0,1,2,1,2,0,4
275304.9071804647,5688201904.392352,1396500000,25.72223051543189,99.50212399714732,84.92905000461424,77124.05363302128,212,4.5,2,1,0,2,1,0,1,1,0,0,0,1,0,2,2,1,2,1,1,2,2,2
260114.68004198337,5423415661.889821,9473250000,-3.3663399356048194,100.0,42.46452500230712,80927.44690772984,213,6.0,1,0,1,2,2,1,1,2,1,0,2,2,2,0,0,2,0,0,2,0,0,3
203442.04085231898,9276824094.464909,998250000,12.753585457016944,100.0,42.46452500230712,124581.27707320364,214,6.0,1,0,0,1,0,0,1,1,1,0,1,0,1,0,1,2,1,1,0,2,2,2
274698.43481576245,4729468845.063517,15300000000,0.0,98.88843107814029,0.0,77779.19949855233,215,4.5,0,2,2,2,0,0,0,2,0,2,2,0,1,1,0,1,0,1,1,0,2,3
296571.1535574811,6113349219.241206,9150000000,0.0,100.0,0.0,89238.53141214672,216,4.5,0,0,1,2,0,2,0,2,2,0,1,0,0,1,2,2,1,0,2,0,0,3
341807.6513032447,2192159801.505405,2146500000,25.920240495431887,99.00438662386641,84.92905000461424,31217.7116423872,217,1.9,2,2,0,0,2,0,2,1,1,1,1,1,2,1,0,0,0,2,1,0,0,0
141784.2058131176,10487508401.141438,8048250000,-48.12114359752961,98.93815766990369,42.46452500230712,147022.9450198785,218,8.5,1,2,1,2,1,0,0,0,2,0,2,0,1,0,1,2,2,1,2,0,2,1
241779.116742665,6732152647.87528,16246500000,25.33303849543189,100.0,84.92905000461424,104644.92786368597,219,6.0,2,0,2,2,0,1,0,0,1,1,2,1,2,1,0,1,2,0,2,2,1,4
236270.63387854028,7843241659.306845,9496500000,25.518230515431895,100.0,84.92905000461424,112926.34589422245,220,6.0,2,0,1,1,1,1,1,2,1,0,1,1,2,1,1,1,1,2,1,1,1,2
213003.1979544164,7356192708.306477,18496500000,-14.833115161158712,100.0,84.92905000461424,115396.827267724,221,8.5,2,0,2,0,2,2,2,2,2,1,0,0,2,0,0,0,2,1,0,1,2,1
297736.79574629106,6483511896.68545,9923250000,12.740120247715945,100.0,42.46452500230712,95944.91700425095,222,4.5,1,0,1,0,0,2,1,0,1,0,1,2,1,2,0,2,1,2,2,2,1,3
348997.0202898282,1542251079.723727,16073250000,12.45822024771595,99.03946231449974,42.46452500230712,34139.010498090924,223,1.9,1,2,2,0,0,0,1,0,0,1,1,2,2,1,0,1,1,2,0,1,1,4
302065.40619758103,5941289521.256014,2475000000,0.0,99.51532278099424,0.0,81451.36300165988,224,4.5,0,1,0,1,1,2,1,2,1,1,0,0,0,2,0,1,2,1,1,2,2,0
303129.2297164098,4882990347.1137905,10725000000,-14.323360168216206,99.52503593915374,0.0,74037.7460004073,225,4.5,0,1,1,1,1,2,2,0,0,2,2,1,0,2,2,2,1,2,1,2,1,3
192840.69368629484,7841963369.798412,10298250000,-56.49477898512867,98.98986296073554,42.46452500230712,113398.10222703862,226,8.5,1,2,1,1,2,1,2,2,1,0,0,2,0,1,1,1,2,0,1,0,1,1
277148.0414550919,5905207959.86393,17146500000,-11.148410091495457,98.96104252545463,84.92905000461424,94229.24735760281,227,6.0,2,2,2,2,0,2,0,0,0,1,1,1,2,1,1,0,1,1,0,0,2,2
232538.04655795614,8225835922.62914,9900000000,-3.14016166092926,98.99393223260444,0.0,118383.36905713179,228,6.0,0,2,1,0,0,1,2,1,1,0,0,2,2,0,1,2,2,2,0,1,2,2
246997.52765502222,6379209280.963033,1973250000,-30.879864881153235,99.56080781375407,42.46452500230712,86676.94917714012,229,6.0,1,1,0,1,2,1,1,2,0,2,0,1,1,2,0,0,1,2,0,0,0,2
346054.4032859562,2069640160.4656427,8400000000,0.0,100.0,0.0,34957.48431557961,230,1.9,0,0,1,1,1,1,0,0,0,1,1,0,2,2,1,0,2,2,2,1,0,3
273819.6849762253,5189140953.904552,721500000,-12.948891559136632,99.14544963138583,84.92905000461424,69775.94220342209,231,4.5,2,2,0,1,2,0,0,1,2,0,1,0,1,2,1,0,1,1,0,0,2,2
352699.84664699447,1301480474.9906492,15150000000,0.0,99.51851656886637,0.0,30909.186416707646,232,1.9,0,1,2,0,1,0,0,2,0,2,0,0,0,0,0,0,2,2,2,2,2,3
156558.7483938483,13043505375.790577,2400000000,-59.431539887005385,99.04222550358588,0.0,175953.6889858986,233,8.5,0,2,0,0,0,2,1,1,1,2,0,0,0,1,0,0,1,2,1,2,2,1
188943.63417149425,6897742881.113445,17048250000,-48.75574669615898,99.53137526831647,42.46452500230712,107089.20686314968,234,8.5,1,1,2,2,2,0,2,2,1,0,1,1,2,0,1,2,1,1,1,1,1,1
357507.5268935574,1548885835.6305141,9473250000,12.410395499351853,99.4497561120675,42.46452500230712,29178.075277561904,235,1.9,1,1,1,1,2,2,0,1,1,2,0,1,2,2,0,0,1,1,1,1,1,0
331321.85171187256,1987598950.262538,16148250000,12.35410530761595,99.5428947919834,42.46452500230712,40584.63290825886,236,2.6,1,1,2,1,1,0,1,2,2,2,1,1,1,1,2,1,2,0,1,2,0,4
310083.5049083039,4655017669.19935,3623250000,12.930220247715944,98.95761454115556,42.46452500230712,65328.50470730553,237,4.5,1,2,0,2,2,2,2,0,1,0,2,0,2,2,0,1,1,2,2,0,1,0
212550.12734312183,8260749274.436146,17221500000,-38.773905861009055,99.0012419549539,84.92905000461424,125665.2473784214,238,8.5,2,2,2,2,1,2,0,1,2,0,1,0,2,1,2,0,0,0,2,2,0,1
230593.27675849173,7616366383.201766,1396500000,25.022763857215498,99.48646876624568,84.92905000461424,102751.94539356288,239,6.0,2,1,0,2,1,1,0,1,0,2,2,2,2,1,1,2,2,0,1,1,1,2
326957.7478664016,2940214264.1714373,18225000000,0.0,100.0,0.0,56172.48528462024,240,4.5,0,0,2,1,2,2,2,1,2,2,2,0,2,1,1,1,0,2,0,2,1,3
315837.23907536233,3468460763.439214,9225000000,0.0,99.49919154294908,0.0,54297.72959138242,241,2.6,0,1,1,2,0,0,2,1,1,0,0,0,1,1,0,2,2,0,0,2,0,3
245678.09722788588,8616292204.988548,1898250000,12.4262948218443,100.0,42.46452500230712,116634.8679293547,242,6.0,1,0,0,2,1,2,0,2,2,0,2,0,0,1,1,2,1,1,0,0,1,2
256052.1502360911,5298819945.263607,16171500000,23.72514742613681,100.0,84.92905000461424,86077.17421641275,243,6.0,2,0,2,0,1,1,0,0,0,2,1,1,2,2,2,2,1,2,1,1,0,4
302739.134203094,4637772756.137864,1148250000,1.986151038527692,99.07278410106122,42.46452500230712,62763.15084851111,244,2.6,1,2,0,1,0,0,1,0,2,2,1,0,0,2,0,1,0,1,2,0,0,0
332139.30842354335,3779224755.081713,3248250000,12.753585457016944,100.0,42.46452500230712,53071.56144761951,245,2.6,1,0,0,0,1,2,2,1,0,0,0,0,0,1,0,1,0,1,2,2,1,0
268326.30388569616,4547588381.754891,16246500000,25.05717091403389,100.0,84.92905000461424,75285.62156708686,246,6.0,2,0,2,0,2,1,0,1,1,1,2,0,1,0,0,0,2,1,2,0,1,4
341706.8413155807,2817471994.4467187,1823250000,12.753585457016944,99.39955918178516,42.46452500230712,39370.805247449505,247,1.9,1,1,0,1,0,1,1,1,1,2,0,0,2,1,1,0,2,2,0,0,2,0
330255.94133146555,4094469670.1167245,3248250000,12.812105307615944,99.45159422409724,42.46452500230712,57595.87995776984,248,2.6,1,1,0,0,0,2,2,0,2,2,1,0,0,0,0,2,1,2,0,0,0,0
286124.29571921285,5552826278.007123,10321500000,25.01879099870371,99.42407054947809,84.92905000461424,83771.41013715115,249,4.5,2,1,1,2,0,1,2,0,0,1,0,1,2,1,1,2,0,1,1,0,0,2
361184.19535530143,1285362390.7858262,18225000000,0.0,99.50130372443327,0.0,33185.59608337413,250,1.9,0,1,2,1,1,2,2,1,0,1,2,1,2,2,0,2,1,0,2,1,1,3
323518.96492042707,2661196593.0959635,15075000000,0.0,100.0,0.0,49208.00157023377,251,2.6,0,0,2,1,0,0,0,1,1,2,0,1,1,0,0,2,1,0,0,0,2,3
280582.5346577339,5882082776.315298,17671500000,25.45024049543189,100.0,84.92905000461424,95791.96258541672,252,6.0,2,0,2,0,1,2,1,0,2,2,0,1,2,2,1,2,0,2,1,0,2,4
326081.77410158305,4560976996.680489,2723250000,12.960120247715944,98.93729902239923,42.46452500230712,63374.28476153555,253,2.6,1,2,0,2,0,2,1,2,2,0,2,0,2,0,1,0,0,2,0,2,2,0
341129.3343152847,3045551430.952756,1898250000,12.900519247715945,98.97597010552983,42.46452500230712,42344.24372070629,254,1.9,1,2,0,1,0,2,0,0,2,2,0,2,1,1,2,0,0,0,0,2,0,0
131016.0521427436,13012295683.127321,9075000000,0.0,100.0,0.0,182822.77425179488,255,8.5,0,0,1,1,0,1,1,1,0,0,1,0,1,0,0,0,0,1,2,2,0,1
331856.7974470637,2033292573.27185,15646500000,24.91930160984787,98.94028910764425,84.92905000461424,41179.199843562914,256,2.6,2,2,2,1,1,0,0,0,2,1,0,0,1,2,2,2,0,1,2,0,1,4
323976.2674418305,3584604096.2210765,17550000000,-5.684775508896693,99.0503377285815,0.0,62632.449496017834,257,4.5,0,2,2,1,1,2,1,0,1,2,1,0,0,0,0,2,2,2,1,2,2,3
351385.355828003,1922407875.8171446,17573250000,12.476120247715949,99.51798421018097,42.46452500230712,41421.302032532476,258,1.9,1,1,2,1,0,1,2,1,0,0,2,1,2,0,2,2,1,2,2,2,0,4
356717.26366254495,1538931079.1021702,10800000000,0.0,99.46968024049552,0.0,30515.402011135804,259,1.9,0,1,1,1,2,2,2,0,0,0,0,0,2,1,0,1,2,1,0,1,2,3
333426.3441044724,2387187484.546953,16921500000,25.053170914033892,99.48209878566334,84.92905000461424,47118.29700720842,260,2.6,2,1,2,0,0,1,1,2,2,0,0,2,2,2,1,2,1,0,1,2,1,4
161905.74493099953,10505792058.005545,17746500000,22.118390804331067,98.90307334355853,84.92905000461424,156950.9433859714,261,8.5,2,2,2,0,0,1,2,2,0,0,0,1,2,2,2,1,1,1,1,1,2,2
275611.0575600261,5002102186.81968,9646500000,25.305170914033894,99.00258715056744,84.92905000461424,75580.8552715217,262,4.5,2,2,1,1,1,0,2,1,1,0,1,2,0,1,0,1,0,0,1,1,1,2
273031.5721950096,5411752599.130289,8723250000,12.692519247715945,98.89937446987533,42.46452500230712,80591.88986970116,263,4.5,1,2,1,1,1,0,1,2,1,2,0,1,0,0,0,2,2,2,0,1,0,2
339370.35134972294,2146584483.786215,9300000000,0.0,98.93179788673183,0.0,37212.10275224069,264,1.9,0,2,1,2,0,0,2,1,2,1,2,1,1,1,2,0,1,0,1,1,1,3
316882.79769641766,4596515768.092777,2475000000,0.0,99.07263689684179,0.0,63435.88962322978,265,2.6,0,2,0,1,0,1,2,2,0,2,2,0,1,1,1,0,2,0,1,2,0,0
237898.33927180473,7099071010.790692,16996500000,-29.387819718275153,98.96861615510389,84.92905000461424,109521.5089939629,266,6.0,2,2,2,0,0,1,1,1,1,2,1,0,2,0,0,2,0,2,1,0,1,2
155296.88628565142,13405340209.896437,10500000000,-59.431539887005385,100.0,0.0,187034.21395821162,267,8.5,0,0,1,0,0,2,2,1,1,0,2,0,0,1,2,2,2,0,2,1,1,1
307283.54514415597,4505713867.492666,1073250000,12.950120247715944,99.0591385001359,42.46452500230712,60995.149018943535,268,2.6,1,2,0,0,0,0,1,0,1,2,2,1,1,2,0,2,1,0,2,2,1,0
344145.66990707355,1672896431.667605,15825000000,0.0,100.0,0.0,36540.53476746981,269,1.9,0,0,2,1,0,0,1,2,2,2,0,2,1,0,2,0,1,1,0,1,2,3
283337.25761727756,5454557828.999922,9623250000,11.63434313822838,98.95682141349165,42.46452500230712,81661.89387480431,270,6.0,1,2,1,2,2,2,0,0,1,2,0,0,1,0,0,1,1,2,2,1,1,2
287997.7631836192,5007436043.344378,17746500000,-12.095338566606829,99.04562553712968,84.92905000461424,81711.41537379974,271,4.5,2,2,2,0,0,1,2,0,2,0,2,2,2,1,2,0,1,0,1,2,2,4
284448.88382154226,5427289270.893099,10125000000,0.0,98.96983001187377,0.0,81272.71008521762,272,4.5,0,2,1,2,1,1,2,1,1,0,2,2,2,2,0,2,1,1,1,1,2,3
199453.10203612986,7847938846.314423,9473250000,-21.783525563713862,100.0,42.46452500230712,113256.08135699687,273,8.5,1,0,1,2,2,2,0,0,0,0,0,0,0,2,2,2,2,0,1,2,0,1
325172.16636719584,2846248294.906939,8475000000,0.0,99.00171487153669,0.0,45563.628258103694,274,2.6,0,2,1,0,1,0,1,2,1,1,2,1,1,2,0,1,1,2,0,0,1,3
283427.389615271,4044269681.690614,15398250000,10.611333425590095,98.92301022421037,42.46452500230712,68428.24860327848,275,4.5,1,2,2,0,1,0,0,1,1,2,0,0,1,0,2,1,1,0,1,2,2,4
187311.57880461105,10345399079.539406,10148250000,-56.09112029499027,100.0,42.46452500230712,146926.6848402952,276,8.5,1,0,1,2,1,2,1,1,0,0,2,0,0,1,2,2,1,0,2,1,2,1
240801.88337297153,5654182460.920959,16073250000,12.490120247715948,99.46082574239516,42.46452500230712,90612.45209067046,277,6.0,1,1,2,0,1,0,1,0,1,1,1,0,0,2,1,0,0,2,0,2,1,2
329336.2514120772,3106743007.933678,975000000,0.0,99.54218443115491,0.0,42262.24179512955,278,1.9,0,1,0,2,0,0,1,2,1,0,0,2,2,1,0,2,2,1,2,2,0,0
284560.9515586804,4276405605.2633944,16921500000,25.16421061523189,99.51514269697155,84.92905000461424,72227.22378259552,279,4.5,2,1,2,0,0,0,2,2,1,0,2,2,1,1,0,2,2,1,2,0,2,4
298114.1332032746,4289654004.959912,16898250000,10.756814033965236,99.0791868712921,42.46452500230712,71124.77910242711,280,4.5,1,2,2,1,0,1,1,0,0,1,0,1,2,2,1,0,2,1,0,2,1,4
271227.72835681465,6410191837.936617,9825000000,0.0,99.49898512696656,0.0,94151.13701677698,281,4.5,0,1,1,0,0,1,2,1,2,1,1,2,2,2,1,2,1,0,1,0,0,3
298772.1642480953,6009483483.060136,9398250000,12.410395499351853,99.41880224382157,42.46452500230712,89242.6731565971,282,4.5,1,1,1,2,0,2,0,0,1,0,2,1,1,0,2,2,1,0,2,2,1,2
328765.97211302957,3214102553.00328,9975000000,0.0,100.0,0.0,51622.13975535644,283,4.5,0,0,1,1,2,2,1,0,0,1,2,1,0,0,0,1,2,0,1,0,2,3
227220.85742045366,7203694218.978338,9646500000,25.518230515431895,98.87112702320073,84.92905000461424,105021.53259514725,284,6.0,2,2,1,1,1,0,2,0,1,0,2,0,2,0,0,0,2,2,2,0,0,2
172700.61613334072,10610256127.1251,17498250000,-51.788116766444986,100.0,42.46452500230712,156715.63435013493,285,8.5,1,0,2,1,0,2,1,1,1,2,0,0,2,0,2,1,0,1,2,1,0,1
206936.00945188047,8238793804.52633,10898250000,-9.91681897216724,99.43956433447515,42.46452500230712,119843.71627574587,286,8.5,1,1,1,0,2,2,2,1,1,1,2,0,2,2,1,2,1,1,1,1,0,2
353747.00931921566,1328645062.7938936,16148250000,11.895633076103021,99.5452148623845,42.46452500230712,31704.16732014795,287,1.9,1,1,2,1,1,1,0,1,2,2,1,2,2,0,0,2,2,1,1,0,1,4
182654.78472754336,8192114269.760992,8971500000,-59.431539887005385,99.54234240840762,84.92905000461424,116926.31168991407,288,8.5,2,1,1,2,2,1,0,1,0,1,0,2,2,1,2,0,1,0,0,1,1,1
165454.010117674,8363883059.063392,9473250000,-59.431539887005385,99.56915184881497,42.46452500230712,119005.4951513624,289,8.5,1,1,1,1,2,0,2,2,1,1,1,1,0,2,2,2,0,0,0,1,1,1
355028.3495458371,1659851361.2140775,18721500000,17.6761658177758,99.11933413447012,84.92905000461424,37683.51327262387,290,2.6,2,2,2,1,2,2,2,1,0,0,1,2,2,2,2,2,0,1,2,2,0,4
184678.27677397142,9868993061.074236,10073250000,-58.7533301142534,99.45380925941694,42.46452500230712,140892.60629255368,291,8.5,1,1,1,0,1,2,1,1,0,0,0,0,2,2,1,2,2,0,1,1,0,1
265530.97846260417,4603281748.755443,16823250000,-53.31849409924523,100.0,42.46452500230712,75379.27503600168,292,6.0,1,0,2,0,2,1,1,0,1,2,0,0,0,1,2,2,1,2,2,0,0,3
331603.9840434704,3205207416.29266,8550000000,0.0,98.84030647261119,0.0,51157.79969248261,293,2.6,0,2,1,1,1,1,0,0,0,1,1,1,1,2,2,1,1,2,0,1,1,3
337383.09051975806,2219303149.9118814,8475000000,0.0,99.49974332378711,0.0,36897.46925303224,294,1.9,0,1,1,1,1,0,1,2,2,0,0,2,2,2,0,1,2,0,2,0,0,3
311582.26859568566,4992428032.82756,900000000,0.0,100.0,0.0,67358.03132465544,295,2.6,0,0,0,2,0,1,0,1,2,2,1,2,0,0,2,0,0,0,1,1,2,0
252698.08925753954,4337673418.448581,15398250000,12.43251924771595,99.46984256529473,42.46452500230712,72176.72975145289,296,6.0,1,1,2,0,2,0,0,1,2,0,1,1,0,1,1,1,2,2,2,1,0,4
359663.7387242526,1345312577.8223505,10073250000,12.129633076103016,100.0,42.46452500230712,26082.82610938511,297,1.9,1,0,1,0,2,2,1,0,2,2,0,2,0,1,0,0,1,1,1,1,1,0
176859.9641638523,8169787856.276609,10396500000,-23.708018946198376,99.0329479409335,84.92905000461424,118008.70080874133,298,8.5,2,2,1,0,2,1,2,1,1,2,2,1,0,1,1,1,0,2,1,1,2,2
347349.0199761048,2120283006.5877235,2746500000,19.4508556356763,100.0,84.92905000461424,30580.502964215,299,1.9,2,0,0,0,2,1,2,2,1,2,2,2,0,1,1,1,1,0,2,0,2,0
