year,planting_trees_amount,house_migration_amount,dam_levee_construction_cost,paddy_dam_construction_cost,capacity_building_cost,transportation_invest,agricultural_RnD_cost,cp_climate_params,user_name,scenario_name,timestamp
2026,0.0,0.0,0.0,0.0,0.0,0.0,0.0,4.5,test10,シナリオ1,2025-05-20 05:04:10.831233+00:00
2027,0.0,0.0,0.0,0.0,0.0,0.0,0.0,4.5,test10,シナリオ1,2025-05-20 05:04:10.968050+00:00
2028,0.0,0.0,0.0,0.0,0.0,0.0,0.0,4.5,test10,シナリオ1,2025-05-20 05:04:11.082514+00:00
2029,0.0,0.0,0.0,0.0,0.0,0.0,0.0,4.5,test10,シナリオ1,2025-05-20 05:04:11.203983+00:00
2030,0.0,0.0,0.0,0.0,0.0,0.0,0.0,4.5,test10,シナリオ1,2025-05-20 05:04:11.318871+00:00
2031,0.0,0.0,0.0,0.0,0.0,0.0,0.0,4.5,test10,シナリオ1,2025-05-20 05:04:11.433218+00:00
2032,0.0,0.0,0.0,0.0,0.0,0.0,0.0,4.5,test10,シナリオ1,2025-05-20 05:04:11.546196+00:00
2033,0.0,0.0,0.0,0.0,0.0,0.0,0.0,4.5,test10,シナリオ1,2025-05-20 05:04:11.658674+00:00
2034,0.0,0.0,0.0,0.0,0.0,0.0,0.0,4.5,test10,シナリオ1,2025-05-20 05:04:11.776575+00:00
2035,0.0,0.0,0.0,0.0,0.0,0.0,0.0,4.5,test10,シナリオ1,2025-05-20 05:04:11.893509+00:00
2036,0.0,0.0,0.0,0.0,0.0,0.0,0.0,4.5,test10,シナリオ1,2025-05-20 05:04:12.008349+00:00
2037,0.0,0.0,0.0,0.0,0.0,0.0,0.0,4.5,test10,シナリオ1,2025-05-20 05:04:12.123085+00:00
2038,0.0,0.0,0.0,0.0,0.0,0.0,0.0,4.5,test10,シナリオ1,2025-05-20 05:04:12.236622+00:00
2039,0.0,0.0,0.0,0.0,0.0,0.0,0.0,4.5,test10,シナリオ1,2025-05-20 05:04:12.359869+00:00
2040,0.0,0.0,0.0,0.0,0.0,0.0,0.0,4.5,test10,シナリオ1,2025-05-20 05:04:12.473730+00:00
2041,0.0,0.0,0.0,0.0,0.0,0.0,0.0,4.5,test10,シナリオ1,2025-05-20 05:04:12.587764+00:00
2042,0.0,0.0,0.0,0.0,0.0,0.0,0.0,4.5,test10,シナリオ1,2025-05-20 05:04:12.703056+00:00
2043,0.0,0.0,0.0,0.0,0.0,0.0,0.0,4.5,test10,シナリオ1,2025-05-20 05:04:12.817102+00:00
2044,0.0,0.0,0.0,0.0,0.0,0.0,0.0,4.5,test10,シナリオ1,2025-05-20 05:04:12.929276+00:00
2045,0.0,0.0,0.0,0.0,0.0,0.0,0.0,4.5,test10,シナリオ1,2025-05-20 05:04:13.041967+00:00
2046,0.0,0.0,0.0,0.0,0.0,0.0,0.0,4.5,test10,シナリオ1,2025-05-20 05:04:13.155604+00:00
2047,0.0,0.0,0.0,0.0,0.0,0.0,0.0,4.5,test10,シナリオ1,2025-05-20 05:04:13.269052+00:00
2048,0.0,0.0,0.0,0.0,0.0,0.0,0.0,4.5,test10,シナリオ1,2025-05-20 05:04:13.385569+00:00
2049,0.0,0.0,0.0,0.0,0.0,0.0,0.0,4.5,test10,シナリオ1,2025-05-20 05:04:13.503057+00:00
2050,0.0,0.0,0.0,0.0,0.0,0.0,0.0,4.5,test10,シナリオ1,2025-05-20 05:04:13.617549+00:00
2051,100.0,0.0,0.0,0.0,0.0,0.0,0.0,4.5,test10,シナリオ1,2025-05-20 05:04:20.703096+00:00
2052,100.0,0.0,0.0,0.0,0.0,0.0,0.0,4.5,test10,シナリオ1,2025-05-20 05:04:20.826381+00:00
2053,100.0,0.0,0.0,0.0,0.0,0.0,0.0,4.5,test10,シナリオ1,2025-05-20 05:04:20.939494+00:00
2054,100.0,0.0,0.0,0.0,0.0,0.0,0.0,4.5,test10,シナリオ1,2025-05-20 05:04:21.052703+00:00
2055,100.0,0.0,0.0,0.0,0.0,0.0,0.0,4.5,test10,シナリオ1,2025-05-20 05:04:21.166606+00:00
2056,100.0,0.0,0.0,0.0,0.0,0.0,0.0,4.5,test10,シナリオ1,2025-05-20 05:04:21.278976+00:00
2057,100.0,0.0,0.0,0.0,0.0,0.0,0.0,4.5,test10,シナリオ1,2025-05-20 05:04:21.392022+00:00
2058,100.0,0.0,0.0,0.0,0.0,0.0,0.0,4.5,test10,シナリオ1,2025-05-20 05:04:21.505090+00:00
2059,100.0,0.0,0.0,0.0,0.0,0.0,0.0,4.5,test10,シナリオ1,2025-05-20 05:04:21.618081+00:00
2060,100.0,0.0,0.0,0.0,0.0,0.0,0.0,4.5,test10,シナリオ1,2025-05-20 05:04:21.730095+00:00
2061,100.0,0.0,0.0,0.0,0.0,0.0,0.0,4.5,test10,シナリオ1,2025-05-20 05:04:21.842085+00:00
2062,100.0,0.0,0.0,0.0,0.0,0.0,0.0,4.5,test10,シナリオ1,2025-05-20 05:04:21.955558+00:00
2063,100.0,0.0,0.0,0.0,0.0,0.0,0.0,4.5,test10,シナリオ1,2025-05-20 05:04:22.068532+00:00
2064,100.0,0.0,0.0,0.0,0.0,0.0,0.0,4.5,test10,シナリオ1,2025-05-20 05:04:22.181958+00:00
2065,100.0,0.0,0.0,0.0,0.0,0.0,0.0,4.5,test10,シナリオ1,2025-05-20 05:04:22.294797+00:00
2066,100.0,0.0,0.0,0.0,0.0,0.0,0.0,4.5,test10,シナリオ1,2025-05-20 05:04:22.407114+00:00
2067,100.0,0.0,0.0,0.0,0.0,0.0,0.0,4.5,test10,シナリオ1,2025-05-20 05:04:22.519126+00:00
2068,100.0,0.0,0.0,0.0,0.0,0.0,0.0,4.5,test10,シナリオ1,2025-05-20 05:04:22.632773+00:00
2069,100.0,0.0,0.0,0.0,0.0,0.0,0.0,4.5,test10,シナリオ1,2025-05-20 05:04:22.746028+00:00
2070,100.0,0.0,0.0,0.0,0.0,0.0,0.0,4.5,test10,シナリオ1,2025-05-20 05:04:22.859701+00:00
2071,100.0,0.0,0.0,0.0,0.0,0.0,0.0,4.5,test10,シナリオ1,2025-05-20 05:04:22.972635+00:00
2072,100.0,0.0,0.0,0.0,0.0,0.0,0.0,4.5,test10,シナリオ1,2025-05-20 05:04:23.085992+00:00
2073,100.0,0.0,0.0,0.0,0.0,0.0,0.0,4.5,test10,シナリオ1,2025-05-20 05:04:23.199243+00:00
2074,100.0,0.0,0.0,0.0,0.0,0.0,0.0,4.5,test10,シナリオ1,2025-05-20 05:04:23.311739+00:00
2075,100.0,0.0,0.0,0.0,0.0,0.0,0.0,4.5,test10,シナリオ1,2025-05-20 05:04:23.424523+00:00
2076,100.0,0.0,0.0,0.0,0.0,0.0,6.0,4.5,test10,シナリオ1,2025-05-20 05:04:28.470370+00:00
2077,100.0,0.0,0.0,0.0,0.0,0.0,6.0,4.5,test10,シナリオ1,2025-05-20 05:04:28.597732+00:00
2078,100.0,0.0,0.0,0.0,0.0,0.0,6.0,4.5,test10,シナリオ1,2025-05-20 05:04:28.718531+00:00
2079,100.0,0.0,0.0,0.0,0.0,0.0,6.0,4.5,test10,シナリオ1,2025-05-20 05:04:28.838512+00:00
2080,100.0,0.0,0.0,0.0,0.0,0.0,6.0,4.5,test10,シナリオ1,2025-05-20 05:04:28.953531+00:00
2081,100.0,0.0,0.0,0.0,0.0,0.0,6.0,4.5,test10,シナリオ1,2025-05-20 05:04:29.068638+00:00
2082,100.0,0.0,0.0,0.0,0.0,0.0,6.0,4.5,test10,シナリオ1,2025-05-20 05:04:29.185878+00:00
2083,100.0,0.0,0.0,0.0,0.0,0.0,6.0,4.5,test10,シナリオ1,2025-05-20 05:04:29.303671+00:00
2084,100.0,0.0,0.0,0.0,0.0,0.0,6.0,4.5,test10,シナリオ1,2025-05-20 05:04:29.425576+00:00
2085,100.0,0.0,0.0,0.0,0.0,0.0,6.0,4.5,test10,シナリオ1,2025-05-20 05:04:29.546938+00:00
2086,100.0,0.0,0.0,0.0,0.0,0.0,6.0,4.5,test10,シナリオ1,2025-05-20 05:04:29.666949+00:00
2087,100.0,0.0,0.0,0.0,0.0,0.0,6.0,4.5,test10,シナリオ1,2025-05-20 05:04:29.790418+00:00
2088,100.0,0.0,0.0,0.0,0.0,0.0,6.0,4.5,test10,シナリオ1,2025-05-20 05:04:29.916346+00:00
2089,100.0,0.0,0.0,0.0,0.0,0.0,6.0,4.5,test10,シナリオ1,2025-05-20 05:04:30.036868+00:00
2090,100.0,0.0,0.0,0.0,0.0,0.0,6.0,4.5,test10,シナリオ1,2025-05-20 05:04:30.158105+00:00
2091,100.0,0.0,0.0,0.0,0.0,0.0,6.0,4.5,test10,シナリオ1,2025-05-20 05:04:30.282875+00:00
2092,100.0,0.0,0.0,0.0,0.0,0.0,6.0,4.5,test10,シナリオ1,2025-05-20 05:04:30.404816+00:00
2093,100.0,0.0,0.0,0.0,0.0,0.0,6.0,4.5,test10,シナリオ1,2025-05-20 05:04:30.532587+00:00
2094,100.0,0.0,0.0,0.0,0.0,0.0,6.0,4.5,test10,シナリオ1,2025-05-20 05:04:30.651767+00:00
2095,100.0,0.0,0.0,0.0,0.0,0.0,6.0,4.5,test10,シナリオ1,2025-05-20 05:04:30.764893+00:00
2096,100.0,0.0,0.0,0.0,0.0,0.0,6.0,4.5,test10,シナリオ1,2025-05-20 05:04:30.878123+00:00
2097,100.0,0.0,0.0,0.0,0.0,0.0,6.0,4.5,test10,シナリオ1,2025-05-20 05:04:30.991292+00:00
2098,100.0,0.0,0.0,0.0,0.0,0.0,6.0,4.5,test10,シナリオ1,2025-05-20 05:04:31.109432+00:00
2099,100.0,0.0,0.0,0.0,0.0,0.0,6.0,4.5,test10,シナリオ1,2025-05-20 05:04:31.231854+00:00
2100,100.0,0.0,0.0,0.0,0.0,0.0,6.0,4.5,test10,シナリオ1,2025-05-20 05:04:31.359765+00:00
2026,0.0,0.0,0.0,0.0,0.0,0.0,0.0,4.5,test11,シナリオ1,2025-05-20 05:05:48.856992+00:00
2027,0.0,0.0,0.0,0.0,0.0,0.0,0.0,4.5,test11,シナリオ1,2025-05-20 05:05:48.980566+00:00
2028,0.0,0.0,0.0,0.0,0.0,0.0,0.0,4.5,test11,シナリオ1,2025-05-20 05:05:49.095816+00:00
2029,0.0,0.0,0.0,0.0,0.0,0.0,0.0,4.5,test11,シナリオ1,2025-05-20 05:05:49.210018+00:00
2030,0.0,0.0,0.0,0.0,0.0,0.0,0.0,4.5,test11,シナリオ1,2025-05-20 05:05:49.324295+00:00
2031,0.0,0.0,0.0,0.0,0.0,0.0,0.0,4.5,test11,シナリオ1,2025-05-20 05:05:49.438323+00:00
2032,0.0,0.0,0.0,0.0,0.0,0.0,0.0,4.5,test11,シナリオ1,2025-05-20 05:05:49.552834+00:00
2033,0.0,0.0,0.0,0.0,0.0,0.0,0.0,4.5,test11,シナリオ1,2025-05-20 05:05:49.667096+00:00
2034,0.0,0.0,0.0,0.0,0.0,0.0,0.0,4.5,test11,シナリオ1,2025-05-20 05:05:49.779622+00:00
2035,0.0,0.0,0.0,0.0,0.0,0.0,0.0,4.5,test11,シナリオ1,2025-05-20 05:05:49.892983+00:00
2036,0.0,0.0,0.0,0.0,0.0,0.0,0.0,4.5,test11,シナリオ1,2025-05-20 05:05:50.005179+00:00
2037,0.0,0.0,0.0,0.0,0.0,0.0,0.0,4.5,test11,シナリオ1,2025-05-20 05:05:50.118651+00:00
2038,0.0,0.0,0.0,0.0,0.0,0.0,0.0,4.5,test11,シナリオ1,2025-05-20 05:05:50.231312+00:00
2039,0.0,0.0,0.0,0.0,0.0,0.0,0.0,4.5,test11,シナリオ1,2025-05-20 05:05:50.345286+00:00
2040,0.0,0.0,0.0,0.0,0.0,0.0,0.0,4.5,test11,シナリオ1,2025-05-20 05:05:50.459109+00:00
2041,0.0,0.0,0.0,0.0,0.0,0.0,0.0,4.5,test11,シナリオ1,2025-05-20 05:05:50.572824+00:00
2042,0.0,0.0,0.0,0.0,0.0,0.0,0.0,4.5,test11,シナリオ1,2025-05-20 05:05:50.686390+00:00
2043,0.0,0.0,0.0,0.0,0.0,0.0,0.0,4.5,test11,シナリオ1,2025-05-20 05:05:50.800094+00:00
2044,0.0,0.0,0.0,0.0,0.0,0.0,0.0,4.5,test11,シナリオ1,2025-05-20 05:05:50.914101+00:00
2045,0.0,0.0,0.0,0.0,0.0,0.0,0.0,4.5,test11,シナリオ1,2025-05-20 05:05:51.027427+00:00
2046,0.0,0.0,0.0,0.0,0.0,0.0,0.0,4.5,test11,シナリオ1,2025-05-20 05:05:51.140037+00:00
2047,0.0,0.0,0.0,0.0,0.0,0.0,0.0,4.5,test11,シナリオ1,2025-05-20 05:05:51.253121+00:00
2048,0.0,0.0,0.0,0.0,0.0,0.0,0.0,4.5,test11,シナリオ1,2025-05-20 05:05:51.367009+00:00
2049,0.0,0.0,0.0,0.0,0.0,0.0,0.0,4.5,test11,シナリオ1,2025-05-20 05:05:51.480319+00:00
2050,0.0,0.0,0.0,0.0,0.0,0.0,0.0,4.5,test11,シナリオ1,2025-05-20 05:05:51.593194+00:00
2051,0.0,0.0,0.0,0.0,0.0,0.0,0.0,4.5,test11,シナリオ1,2025-05-20 05:05:52.587377+00:00
2052,0.0,0.0,0.0,0.0,0.0,0.0,0.0,4.5,test11,シナリオ1,2025-05-20 05:05:52.709780+00:00
2053,0.0,0.0,0.0,0.0,0.0,0.0,0.0,4.5,test11,シナリオ1,2025-05-20 05:05:52.823927+00:00
2054,0.0,0.0,0.0,0.0,0.0,0.0,0.0,4.5,test11,シナリオ1,2025-05-20 05:05:52.937425+00:00
2055,0.0,0.0,0.0,0.0,0.0,0.0,0.0,4.5,test11,シナリオ1,2025-05-20 05:05:53.051685+00:00
2056,0.0,0.0,0.0,0.0,0.0,0.0,0.0,4.5,test11,シナリオ1,2025-05-20 05:05:53.165422+00:00
2057,0.0,0.0,0.0,0.0,0.0,0.0,0.0,4.5,test11,シナリオ1,2025-05-20 05:05:53.278317+00:00
2058,0.0,0.0,0.0,0.0,0.0,0.0,0.0,4.5,test11,シナリオ1,2025-05-20 05:05:53.391150+00:00
2059,0.0,0.0,0.0,0.0,0.0,0.0,0.0,4.5,test11,シナリオ1,2025-05-20 05:05:53.505548+00:00
2060,0.0,0.0,0.0,0.0,0.0,0.0,0.0,4.5,test11,シナリオ1,2025-05-20 05:05:53.618361+00:00
2061,0.0,0.0,0.0,0.0,0.0,0.0,0.0,4.5,test11,シナリオ1,2025-05-20 05:05:53.732408+00:00
2062,0.0,0.0,0.0,0.0,0.0,0.0,0.0,4.5,test11,シナリオ1,2025-05-20 05:05:53.845930+00:00
2063,0.0,0.0,0.0,0.0,0.0,0.0,0.0,4.5,test11,シナリオ1,2025-05-20 05:05:53.958911+00:00
2064,0.0,0.0,0.0,0.0,0.0,0.0,0.0,4.5,test11,シナリオ1,2025-05-20 05:05:54.074390+00:00
2065,0.0,0.0,0.0,0.0,0.0,0.0,0.0,4.5,test11,シナリオ1,2025-05-20 05:05:54.187145+00:00
2066,0.0,0.0,0.0,0.0,0.0,0.0,0.0,4.5,test11,シナリオ1,2025-05-20 05:05:54.301698+00:00
2067,0.0,0.0,0.0,0.0,0.0,0.0,0.0,4.5,test11,シナリオ1,2025-05-20 05:05:54.417164+00:00
2068,0.0,0.0,0.0,0.0,0.0,0.0,0.0,4.5,test11,シナリオ1,2025-05-20 05:05:54.530787+00:00
2069,0.0,0.0,0.0,0.0,0.0,0.0,0.0,4.5,test11,シナリオ1,2025-05-20 05:05:54.643993+00:00
2070,0.0,0.0,0.0,0.0,0.0,0.0,0.0,4.5,test11,シナリオ1,2025-05-20 05:05:54.759162+00:00
2071,0.0,0.0,0.0,0.0,0.0,0.0,0.0,4.5,test11,シナリオ1,2025-05-20 05:05:54.873563+00:00
2072,0.0,0.0,0.0,0.0,0.0,0.0,0.0,4.5,test11,シナリオ1,2025-05-20 05:05:54.986935+00:00
2073,0.0,0.0,0.0,0.0,0.0,0.0,0.0,4.5,test11,シナリオ1,2025-05-20 05:05:55.100598+00:00
2074,0.0,0.0,0.0,0.0,0.0,0.0,0.0,4.5,test11,シナリオ1,2025-05-20 05:05:55.213945+00:00
2075,0.0,0.0,0.0,0.0,0.0,0.0,0.0,4.5,test11,シナリオ1,2025-05-20 05:05:55.326239+00:00
2076,0.0,0.0,0.0,0.0,0.0,0.0,0.0,4.5,test11,シナリオ1,2025-05-20 05:05:55.815369+00:00
2077,0.0,0.0,0.0,0.0,0.0,0.0,0.0,4.5,test11,シナリオ1,2025-05-20 05:05:55.937163+00:00
2078,0.0,0.0,0.0,0.0,0.0,0.0,0.0,4.5,test11,シナリオ1,2025-05-20 05:05:56.054657+00:00
2079,0.0,0.0,0.0,0.0,0.0,0.0,0.0,4.5,test11,シナリオ1,2025-05-20 05:05:56.169513+00:00
2080,0.0,0.0,0.0,0.0,0.0,0.0,0.0,4.5,test11,シナリオ1,2025-05-20 05:05:56.287819+00:00
2081,0.0,0.0,0.0,0.0,0.0,0.0,0.0,4.5,test11,シナリオ1,2025-05-20 05:05:56.405263+00:00
2082,0.0,0.0,0.0,0.0,0.0,0.0,0.0,4.5,test11,シナリオ1,2025-05-20 05:05:56.523987+00:00
2083,0.0,0.0,0.0,0.0,0.0,0.0,0.0,4.5,test11,シナリオ1,2025-05-20 05:05:56.637169+00:00
2084,0.0,0.0,0.0,0.0,0.0,0.0,0.0,4.5,test11,シナリオ1,2025-05-20 05:05:56.751393+00:00
2085,0.0,0.0,0.0,0.0,0.0,0.0,0.0,4.5,test11,シナリオ1,2025-05-20 05:05:56.864925+00:00
2086,0.0,0.0,0.0,0.0,0.0,0.0,0.0,4.5,test11,シナリオ1,2025-05-20 05:05:56.982345+00:00
2087,0.0,0.0,0.0,0.0,0.0,0.0,0.0,4.5,test11,シナリオ1,2025-05-20 05:05:57.097115+00:00
2088,0.0,0.0,0.0,0.0,0.0,0.0,0.0,4.5,test11,シナリオ1,2025-05-20 05:05:57.210419+00:00
2089,0.0,0.0,0.0,0.0,0.0,0.0,0.0,4.5,test11,シナリオ1,2025-05-20 05:05:57.325035+00:00
2090,0.0,0.0,0.0,0.0,0.0,0.0,0.0,4.5,test11,シナリオ1,2025-05-20 05:05:57.443207+00:00
2091,0.0,0.0,0.0,0.0,0.0,0.0,0.0,4.5,test11,シナリオ1,2025-05-20 05:05:57.557142+00:00
2092,0.0,0.0,0.0,0.0,0.0,0.0,0.0,4.5,test11,シナリオ1,2025-05-20 05:05:57.672214+00:00
2093,0.0,0.0,0.0,0.0,0.0,0.0,0.0,4.5,test11,シナリオ1,2025-05-20 05:05:57.786711+00:00
2094,0.0,0.0,0.0,0.0,0.0,0.0,0.0,4.5,test11,シナリオ1,2025-05-20 05:05:57.900381+00:00
2095,0.0,0.0,0.0,0.0,0.0,0.0,0.0,4.5,test11,シナリオ1,2025-05-20 05:05:58.013838+00:00
2096,0.0,0.0,0.0,0.0,0.0,0.0,0.0,4.5,test11,シナリオ1,2025-05-20 05:05:58.126982+00:00
2097,0.0,0.0,0.0,0.0,0.0,0.0,0.0,4.5,test11,シナリオ1,2025-05-20 05:05:58.239757+00:00
2098,0.0,0.0,0.0,0.0,0.0,0.0,0.0,4.5,test11,シナリオ1,2025-05-20 05:05:58.354686+00:00
2099,0.0,0.0,0.0,0.0,0.0,0.0,0.0,4.5,test11,シナリオ1,2025-05-20 05:05:58.469297+00:00
2100,0.0,0.0,0.0,0.0,0.0,0.0,0.0,4.5,test11,シナリオ1,2025-05-20 05:05:58.588264+00:00
2101,0.0,0.0,0.0,0.0,0.0,0.0,0.0,4.5,test11,シナリオ1,2025-05-20 06:30:29.237291+00:00
2026,0.0,0.0,0.0,0.0,0.0,0.0,0.0,4.5,takuto,シナリオ1,2025-05-21 00:22:40.919409+00:00
2027,0.0,0.0,0.0,0.0,0.0,0.0,0.0,4.5,takuto,シナリオ1,2025-05-21 00:22:41.088685+00:00
2028,0.0,0.0,0.0,0.0,0.0,0.0,0.0,4.5,takuto,シナリオ1,2025-05-21 00:22:41.207276+00:00
2029,0.0,0.0,0.0,0.0,0.0,0.0,0.0,4.5,takuto,シナリオ1,2025-05-21 00:22:41.323672+00:00
2030,0.0,0.0,0.0,0.0,0.0,0.0,0.0,4.5,takuto,シナリオ1,2025-05-21 00:22:41.448188+00:00
2031,0.0,0.0,0.0,0.0,0.0,0.0,0.0,4.5,takuto,シナリオ1,2025-05-21 00:22:41.569269+00:00
2032,0.0,0.0,0.0,0.0,0.0,0.0,0.0,4.5,takuto,シナリオ1,2025-05-21 00:22:41.702153+00:00
2033,0.0,0.0,0.0,0.0,0.0,0.0,0.0,4.5,takuto,シナリオ1,2025-05-21 00:22:41.820346+00:00
2034,0.0,0.0,0.0,0.0,0.0,0.0,0.0,4.5,takuto,シナリオ1,2025-05-21 00:22:41.937952+00:00
2035,0.0,0.0,0.0,0.0,0.0,0.0,0.0,4.5,takuto,シナリオ1,2025-05-21 00:22:42.056790+00:00
2036,0.0,0.0,0.0,0.0,0.0,0.0,0.0,4.5,takuto,シナリオ1,2025-05-21 00:22:42.172577+00:00
2037,0.0,0.0,0.0,0.0,0.0,0.0,0.0,4.5,takuto,シナリオ1,2025-05-21 00:22:42.288966+00:00
2038,0.0,0.0,0.0,0.0,0.0,0.0,0.0,4.5,takuto,シナリオ1,2025-05-21 00:22:42.412842+00:00
2039,0.0,0.0,0.0,0.0,0.0,0.0,0.0,4.5,takuto,シナリオ1,2025-05-21 00:22:42.529287+00:00
2040,0.0,0.0,0.0,0.0,0.0,0.0,0.0,4.5,takuto,シナリオ1,2025-05-21 00:22:42.645665+00:00
2041,0.0,0.0,0.0,0.0,0.0,0.0,0.0,4.5,takuto,シナリオ1,2025-05-21 00:22:42.762224+00:00
2042,0.0,0.0,0.0,0.0,0.0,0.0,0.0,4.5,takuto,シナリオ1,2025-05-21 00:22:42.879220+00:00
2043,0.0,0.0,0.0,0.0,0.0,0.0,0.0,4.5,takuto,シナリオ1,2025-05-21 00:22:42.996252+00:00
2044,0.0,0.0,0.0,0.0,0.0,0.0,0.0,4.5,takuto,シナリオ1,2025-05-21 00:22:43.113102+00:00
2045,0.0,0.0,0.0,0.0,0.0,0.0,0.0,4.5,takuto,シナリオ1,2025-05-21 00:22:43.231470+00:00
2046,0.0,0.0,0.0,0.0,0.0,0.0,0.0,4.5,takuto,シナリオ1,2025-05-21 00:22:43.347981+00:00
2047,0.0,0.0,0.0,0.0,0.0,0.0,0.0,4.5,takuto,シナリオ1,2025-05-21 00:22:43.463766+00:00
2048,0.0,0.0,0.0,0.0,0.0,0.0,0.0,4.5,takuto,シナリオ1,2025-05-21 00:22:43.579431+00:00
2049,0.0,0.0,0.0,0.0,0.0,0.0,0.0,4.5,takuto,シナリオ1,2025-05-21 00:22:43.696176+00:00
2050,0.0,0.0,0.0,0.0,0.0,0.0,0.0,4.5,takuto,シナリオ1,2025-05-21 00:22:43.811834+00:00
2051,0.0,0.0,0.0,0.0,0.0,0.0,0.0,4.5,takuto,シナリオ1,2025-05-21 00:22:44.545645+00:00
2052,0.0,0.0,0.0,0.0,0.0,0.0,0.0,4.5,takuto,シナリオ1,2025-05-21 00:22:44.670267+00:00
2053,0.0,0.0,0.0,0.0,0.0,0.0,0.0,4.5,takuto,シナリオ1,2025-05-21 00:22:44.786371+00:00
2054,0.0,0.0,0.0,0.0,0.0,0.0,0.0,4.5,takuto,シナリオ1,2025-05-21 00:22:44.907042+00:00
2055,0.0,0.0,0.0,0.0,0.0,0.0,0.0,4.5,takuto,シナリオ1,2025-05-21 00:22:45.022292+00:00
2056,0.0,0.0,0.0,0.0,0.0,0.0,0.0,4.5,takuto,シナリオ1,2025-05-21 00:22:45.138464+00:00
2057,0.0,0.0,0.0,0.0,0.0,0.0,0.0,4.5,takuto,シナリオ1,2025-05-21 00:22:45.254524+00:00
2058,0.0,0.0,0.0,0.0,0.0,0.0,0.0,4.5,takuto,シナリオ1,2025-05-21 00:22:45.369579+00:00
2059,0.0,0.0,0.0,0.0,0.0,0.0,0.0,4.5,takuto,シナリオ1,2025-05-21 00:22:45.486567+00:00
2060,0.0,0.0,0.0,0.0,0.0,0.0,0.0,4.5,takuto,シナリオ1,2025-05-21 00:22:45.602420+00:00
2061,0.0,0.0,0.0,0.0,0.0,0.0,0.0,4.5,takuto,シナリオ1,2025-05-21 00:22:45.719891+00:00
2062,0.0,0.0,0.0,0.0,0.0,0.0,0.0,4.5,takuto,シナリオ1,2025-05-21 00:22:45.836765+00:00
2063,0.0,0.0,0.0,0.0,0.0,0.0,0.0,4.5,takuto,シナリオ1,2025-05-21 00:22:45.952100+00:00
2064,0.0,0.0,0.0,0.0,0.0,0.0,0.0,4.5,takuto,シナリオ1,2025-05-21 00:22:46.067717+00:00
2065,0.0,0.0,0.0,0.0,0.0,0.0,0.0,4.5,takuto,シナリオ1,2025-05-21 00:22:46.182787+00:00
2066,0.0,0.0,0.0,0.0,0.0,0.0,0.0,4.5,takuto,シナリオ1,2025-05-21 00:22:46.298776+00:00
2067,0.0,0.0,0.0,0.0,0.0,0.0,0.0,4.5,takuto,シナリオ1,2025-05-21 00:22:46.419250+00:00
2068,0.0,0.0,0.0,0.0,0.0,0.0,0.0,4.5,takuto,シナリオ1,2025-05-21 00:22:46.534573+00:00
2069,0.0,0.0,0.0,0.0,0.0,0.0,0.0,4.5,takuto,シナリオ1,2025-05-21 00:22:46.650701+00:00
2070,0.0,0.0,0.0,0.0,0.0,0.0,0.0,4.5,takuto,シナリオ1,2025-05-21 00:22:46.765543+00:00
2071,0.0,0.0,0.0,0.0,0.0,0.0,0.0,4.5,takuto,シナリオ1,2025-05-21 00:22:46.880413+00:00
2072,0.0,0.0,0.0,0.0,0.0,0.0,0.0,4.5,takuto,シナリオ1,2025-05-21 00:22:46.996183+00:00
2073,0.0,0.0,0.0,0.0,0.0,0.0,0.0,4.5,takuto,シナリオ1,2025-05-21 00:22:47.112274+00:00
2074,0.0,0.0,0.0,0.0,0.0,0.0,0.0,4.5,takuto,シナリオ1,2025-05-21 00:22:47.233841+00:00
2075,0.0,0.0,0.0,0.0,0.0,0.0,0.0,4.5,takuto,シナリオ1,2025-05-21 00:22:47.348756+00:00
2076,0.0,0.0,0.0,0.0,0.0,0.0,0.0,4.5,takuto,シナリオ1,2025-05-21 00:22:47.851150+00:00
2077,0.0,0.0,0.0,0.0,0.0,0.0,0.0,4.5,takuto,シナリオ1,2025-05-21 00:22:47.980381+00:00
2078,0.0,0.0,0.0,0.0,0.0,0.0,0.0,4.5,takuto,シナリオ1,2025-05-21 00:22:48.097035+00:00
2079,0.0,0.0,0.0,0.0,0.0,0.0,0.0,4.5,takuto,シナリオ1,2025-05-21 00:22:48.212833+00:00
2080,0.0,0.0,0.0,0.0,0.0,0.0,0.0,4.5,takuto,シナリオ1,2025-05-21 00:22:48.328065+00:00
2081,0.0,0.0,0.0,0.0,0.0,0.0,0.0,4.5,takuto,シナリオ1,2025-05-21 00:22:48.458528+00:00
2082,0.0,0.0,0.0,0.0,0.0,0.0,0.0,4.5,takuto,シナリオ1,2025-05-21 00:22:48.574739+00:00
2083,0.0,0.0,0.0,0.0,0.0,0.0,0.0,4.5,takuto,シナリオ1,2025-05-21 00:22:48.695114+00:00
2084,0.0,0.0,0.0,0.0,0.0,0.0,0.0,4.5,takuto,シナリオ1,2025-05-21 00:22:48.818127+00:00
2085,0.0,0.0,0.0,0.0,0.0,0.0,0.0,4.5,takuto,シナリオ1,2025-05-21 00:22:48.934003+00:00
2086,0.0,0.0,0.0,0.0,0.0,0.0,0.0,4.5,takuto,シナリオ1,2025-05-21 00:22:49.052618+00:00
2087,0.0,0.0,0.0,0.0,0.0,0.0,0.0,4.5,takuto,シナリオ1,2025-05-21 00:22:49.173666+00:00
2088,0.0,0.0,0.0,0.0,0.0,0.0,0.0,4.5,takuto,シナリオ1,2025-05-21 00:22:49.299382+00:00
2089,0.0,0.0,0.0,0.0,0.0,0.0,0.0,4.5,takuto,シナリオ1,2025-05-21 00:22:49.420154+00:00
2090,0.0,0.0,0.0,0.0,0.0,0.0,0.0,4.5,takuto,シナリオ1,2025-05-21 00:22:49.543338+00:00
2091,0.0,0.0,0.0,0.0,0.0,0.0,0.0,4.5,takuto,シナリオ1,2025-05-21 00:22:49.662843+00:00
2092,0.0,0.0,0.0,0.0,0.0,0.0,0.0,4.5,takuto,シナリオ1,2025-05-21 00:22:49.780289+00:00
2093,0.0,0.0,0.0,0.0,0.0,0.0,0.0,4.5,takuto,シナリオ1,2025-05-21 00:22:49.897337+00:00
2094,0.0,0.0,0.0,0.0,0.0,0.0,0.0,4.5,takuto,シナリオ1,2025-05-21 00:22:50.018277+00:00
2095,0.0,0.0,0.0,0.0,0.0,0.0,0.0,4.5,takuto,シナリオ1,2025-05-21 00:22:50.134703+00:00
2096,0.0,0.0,0.0,0.0,0.0,0.0,0.0,4.5,takuto,シナリオ1,2025-05-21 00:22:50.249235+00:00
2097,0.0,0.0,0.0,0.0,0.0,0.0,0.0,4.5,takuto,シナリオ1,2025-05-21 00:22:50.370196+00:00
2098,0.0,0.0,0.0,0.0,0.0,0.0,0.0,4.5,takuto,シナリオ1,2025-05-21 00:22:50.492447+00:00
2099,0.0,0.0,0.0,0.0,0.0,0.0,0.0,4.5,takuto,シナリオ1,2025-05-21 00:22:50.619655+00:00
2100,0.0,0.0,0.0,0.0,0.0,0.0,0.0,4.5,takuto,シナリオ1,2025-05-21 00:22:50.749872+00:00
2026,100.0,100.0,3.0,0.0,0.0,0.0,9.0,4.5,nishino,シナリオ1,2025-05-21 01:27:17.166316+00:00
2027,100.0,100.0,3.0,0.0,0.0,0.0,9.0,4.5,nishino,シナリオ1,2025-05-21 01:27:17.306336+00:00
2028,100.0,100.0,3.0,0.0,0.0,0.0,9.0,4.5,nishino,シナリオ1,2025-05-21 01:27:17.423236+00:00
2029,100.0,100.0,3.0,0.0,0.0,0.0,9.0,4.5,nishino,シナリオ1,2025-05-21 01:27:17.540484+00:00
2030,100.0,100.0,3.0,0.0,0.0,0.0,9.0,4.5,nishino,シナリオ1,2025-05-21 01:27:17.655782+00:00
2031,100.0,100.0,3.0,0.0,0.0,0.0,9.0,4.5,nishino,シナリオ1,2025-05-21 01:27:17.772837+00:00
2032,100.0,100.0,3.0,0.0,0.0,0.0,9.0,4.5,nishino,シナリオ1,2025-05-21 01:27:17.892284+00:00
2033,100.0,100.0,3.0,0.0,0.0,0.0,9.0,4.5,nishino,シナリオ1,2025-05-21 01:27:18.008290+00:00
2034,100.0,100.0,3.0,0.0,0.0,0.0,9.0,4.5,nishino,シナリオ1,2025-05-21 01:27:18.124292+00:00
2035,100.0,100.0,3.0,0.0,0.0,0.0,9.0,4.5,nishino,シナリオ1,2025-05-21 01:27:18.240759+00:00
2036,100.0,100.0,3.0,0.0,0.0,0.0,9.0,4.5,nishino,シナリオ1,2025-05-21 01:27:18.359821+00:00
2037,100.0,100.0,3.0,0.0,0.0,0.0,9.0,4.5,nishino,シナリオ1,2025-05-21 01:27:18.478690+00:00
2038,100.0,100.0,3.0,0.0,0.0,0.0,9.0,4.5,nishino,シナリオ1,2025-05-21 01:27:18.596691+00:00
2039,100.0,100.0,3.0,0.0,0.0,0.0,9.0,4.5,nishino,シナリオ1,2025-05-21 01:27:18.713936+00:00
2040,100.0,100.0,3.0,0.0,0.0,0.0,9.0,4.5,nishino,シナリオ1,2025-05-21 01:27:18.831622+00:00
2041,100.0,100.0,3.0,0.0,0.0,0.0,9.0,4.5,nishino,シナリオ1,2025-05-21 01:27:18.949423+00:00
2042,100.0,100.0,3.0,0.0,0.0,0.0,9.0,4.5,nishino,シナリオ1,2025-05-21 01:27:19.067129+00:00
2043,100.0,100.0,3.0,0.0,0.0,0.0,9.0,4.5,nishino,シナリオ1,2025-05-21 01:27:19.185781+00:00
2044,100.0,100.0,3.0,0.0,0.0,0.0,9.0,4.5,nishino,シナリオ1,2025-05-21 01:27:19.301391+00:00
2045,100.0,100.0,3.0,0.0,0.0,0.0,9.0,4.5,nishino,シナリオ1,2025-05-21 01:27:19.416811+00:00
2046,100.0,100.0,3.0,0.0,0.0,0.0,9.0,4.5,nishino,シナリオ1,2025-05-21 01:27:19.532373+00:00
2047,100.0,100.0,3.0,0.0,0.0,0.0,9.0,4.5,nishino,シナリオ1,2025-05-21 01:27:19.648278+00:00
2048,100.0,100.0,3.0,0.0,0.0,0.0,9.0,4.5,nishino,シナリオ1,2025-05-21 01:27:19.764090+00:00
2049,100.0,100.0,3.0,0.0,0.0,0.0,9.0,4.5,nishino,シナリオ1,2025-05-21 01:27:19.880471+00:00
2050,100.0,100.0,3.0,0.0,0.0,0.0,9.0,4.5,nishino,シナリオ1,2025-05-21 01:27:19.998161+00:00
2051,200.0,100.0,6.0,0.0,0.0,0.0,0.0,4.5,nishino,シナリオ1,2025-05-21 01:27:28.838495+00:00
2052,200.0,100.0,6.0,0.0,0.0,0.0,0.0,4.5,nishino,シナリオ1,2025-05-21 01:27:28.962786+00:00
2053,200.0,100.0,6.0,0.0,0.0,0.0,0.0,4.5,nishino,シナリオ1,2025-05-21 01:27:29.084055+00:00
2054,200.0,100.0,6.0,0.0,0.0,0.0,0.0,4.5,nishino,シナリオ1,2025-05-21 01:27:29.211146+00:00
2055,200.0,100.0,6.0,0.0,0.0,0.0,0.0,4.5,nishino,シナリオ1,2025-05-21 01:27:29.334521+00:00
2056,200.0,100.0,6.0,0.0,0.0,0.0,0.0,4.5,nishino,シナリオ1,2025-05-21 01:27:29.450905+00:00
2057,200.0,100.0,6.0,0.0,0.0,0.0,0.0,4.5,nishino,シナリオ1,2025-05-21 01:27:29.568696+00:00
2058,200.0,100.0,6.0,0.0,0.0,0.0,0.0,4.5,nishino,シナリオ1,2025-05-21 01:27:29.691074+00:00
2059,200.0,100.0,6.0,0.0,0.0,0.0,0.0,4.5,nishino,シナリオ1,2025-05-21 01:27:29.807483+00:00
2060,200.0,100.0,6.0,0.0,0.0,0.0,0.0,4.5,nishino,シナリオ1,2025-05-21 01:27:29.922982+00:00
2061,200.0,100.0,6.0,0.0,0.0,0.0,0.0,4.5,nishino,シナリオ1,2025-05-21 01:27:30.039808+00:00
2062,200.0,100.0,6.0,0.0,0.0,0.0,0.0,4.5,nishino,シナリオ1,2025-05-21 01:27:30.155690+00:00
2063,200.0,100.0,6.0,0.0,0.0,0.0,0.0,4.5,nishino,シナリオ1,2025-05-21 01:27:30.273950+00:00
2064,200.0,100.0,6.0,0.0,0.0,0.0,0.0,4.5,nishino,シナリオ1,2025-05-21 01:27:30.390072+00:00
2065,200.0,100.0,6.0,0.0,0.0,0.0,0.0,4.5,nishino,シナリオ1,2025-05-21 01:27:30.505190+00:00
2066,200.0,100.0,6.0,0.0,0.0,0.0,0.0,4.5,nishino,シナリオ1,2025-05-21 01:27:30.622302+00:00
2067,200.0,100.0,6.0,0.0,0.0,0.0,0.0,4.5,nishino,シナリオ1,2025-05-21 01:27:30.743670+00:00
2068,200.0,100.0,6.0,0.0,0.0,0.0,0.0,4.5,nishino,シナリオ1,2025-05-21 01:27:30.859359+00:00
2069,200.0,100.0,6.0,0.0,0.0,0.0,0.0,4.5,nishino,シナリオ1,2025-05-21 01:27:30.975608+00:00
2070,200.0,100.0,6.0,0.0,0.0,0.0,0.0,4.5,nishino,シナリオ1,2025-05-21 01:27:31.091751+00:00
2071,200.0,100.0,6.0,0.0,0.0,0.0,0.0,4.5,nishino,シナリオ1,2025-05-21 01:27:31.208324+00:00
2072,200.0,100.0,6.0,0.0,0.0,0.0,0.0,4.5,nishino,シナリオ1,2025-05-21 01:27:31.324496+00:00
2073,200.0,100.0,6.0,0.0,0.0,0.0,0.0,4.5,nishino,シナリオ1,2025-05-21 01:27:31.441351+00:00
2074,200.0,100.0,6.0,0.0,0.0,0.0,0.0,4.5,nishino,シナリオ1,2025-05-21 01:27:31.562255+00:00
2075,200.0,100.0,6.0,0.0,0.0,0.0,0.0,4.5,nishino,シナリオ1,2025-05-21 01:27:31.679155+00:00
2026,0.0,0.0,0.0,0.0,0.0,0.0,0.0,4.5,wada,シナリオ1,2025-05-22 00:47:55.454700+00:00
2027,0.0,0.0,0.0,0.0,0.0,0.0,0.0,4.5,wada,シナリオ1,2025-05-22 00:47:55.602349+00:00
2028,0.0,0.0,0.0,0.0,0.0,0.0,0.0,4.5,wada,シナリオ1,2025-05-22 00:47:55.717907+00:00
2029,0.0,0.0,0.0,0.0,0.0,0.0,0.0,4.5,wada,シナリオ1,2025-05-22 00:47:55.839383+00:00
2030,0.0,0.0,0.0,0.0,0.0,0.0,0.0,4.5,wada,シナリオ1,2025-05-22 00:47:55.953492+00:00
2031,0.0,0.0,0.0,0.0,0.0,0.0,0.0,4.5,wada,シナリオ1,2025-05-22 00:47:56.067579+00:00
2032,0.0,0.0,0.0,0.0,0.0,0.0,0.0,4.5,wada,シナリオ1,2025-05-22 00:47:56.181448+00:00
2033,0.0,0.0,0.0,0.0,0.0,0.0,0.0,4.5,wada,シナリオ1,2025-05-22 00:47:56.296001+00:00
2034,0.0,0.0,0.0,0.0,0.0,0.0,0.0,4.5,wada,シナリオ1,2025-05-22 00:47:56.410355+00:00
2035,0.0,0.0,0.0,0.0,0.0,0.0,0.0,4.5,wada,シナリオ1,2025-05-22 00:47:56.524776+00:00
2036,0.0,0.0,0.0,0.0,0.0,0.0,0.0,4.5,wada,シナリオ1,2025-05-22 00:47:56.639617+00:00
2037,0.0,0.0,0.0,0.0,0.0,0.0,0.0,4.5,wada,シナリオ1,2025-05-22 00:47:56.753204+00:00
2038,0.0,0.0,0.0,0.0,0.0,0.0,0.0,4.5,wada,シナリオ1,2025-05-22 00:47:56.869065+00:00
2039,0.0,0.0,0.0,0.0,0.0,0.0,0.0,4.5,wada,シナリオ1,2025-05-22 00:47:56.983331+00:00
2040,0.0,0.0,0.0,0.0,0.0,0.0,0.0,4.5,wada,シナリオ1,2025-05-22 00:47:57.097713+00:00
2041,0.0,0.0,0.0,0.0,0.0,0.0,0.0,4.5,wada,シナリオ1,2025-05-22 00:47:57.212427+00:00
2042,0.0,0.0,0.0,0.0,0.0,0.0,0.0,4.5,wada,シナリオ1,2025-05-22 00:47:57.325913+00:00
2043,0.0,0.0,0.0,0.0,0.0,0.0,0.0,4.5,wada,シナリオ1,2025-05-22 00:47:57.439972+00:00
2044,0.0,0.0,0.0,0.0,0.0,0.0,0.0,4.5,wada,シナリオ1,2025-05-22 00:47:57.554527+00:00
2045,0.0,0.0,0.0,0.0,0.0,0.0,0.0,4.5,wada,シナリオ1,2025-05-22 00:47:57.668758+00:00
2046,0.0,0.0,0.0,0.0,0.0,0.0,0.0,4.5,wada,シナリオ1,2025-05-22 00:47:57.784033+00:00
2047,0.0,0.0,0.0,0.0,0.0,0.0,0.0,4.5,wada,シナリオ1,2025-05-22 00:47:57.899893+00:00
2048,0.0,0.0,0.0,0.0,0.0,0.0,0.0,4.5,wada,シナリオ1,2025-05-22 00:47:58.014129+00:00
2049,0.0,0.0,0.0,0.0,0.0,0.0,0.0,4.5,wada,シナリオ1,2025-05-22 00:47:58.127562+00:00
2050,0.0,0.0,0.0,0.0,0.0,0.0,0.0,4.5,wada,シナリオ1,2025-05-22 00:47:58.241404+00:00
2051,0.0,0.0,0.0,0.0,0.0,0.0,0.0,4.5,wada,シナリオ1,2025-05-22 00:47:59.682195+00:00
2052,0.0,0.0,0.0,0.0,0.0,0.0,0.0,4.5,wada,シナリオ1,2025-05-22 00:47:59.806578+00:00
2053,0.0,0.0,0.0,0.0,0.0,0.0,0.0,4.5,wada,シナリオ1,2025-05-22 00:47:59.920611+00:00
2054,0.0,0.0,0.0,0.0,0.0,0.0,0.0,4.5,wada,シナリオ1,2025-05-22 00:48:00.034358+00:00
2055,0.0,0.0,0.0,0.0,0.0,0.0,0.0,4.5,wada,シナリオ1,2025-05-22 00:48:00.149983+00:00
2056,0.0,0.0,0.0,0.0,0.0,0.0,0.0,4.5,wada,シナリオ1,2025-05-22 00:48:00.265203+00:00
2057,0.0,0.0,0.0,0.0,0.0,0.0,0.0,4.5,wada,シナリオ1,2025-05-22 00:48:00.379286+00:00
2058,0.0,0.0,0.0,0.0,0.0,0.0,0.0,4.5,wada,シナリオ1,2025-05-22 00:48:00.493099+00:00
2059,0.0,0.0,0.0,0.0,0.0,0.0,0.0,4.5,wada,シナリオ1,2025-05-22 00:48:00.607062+00:00
2060,0.0,0.0,0.0,0.0,0.0,0.0,0.0,4.5,wada,シナリオ1,2025-05-22 00:48:00.721826+00:00
2061,0.0,0.0,0.0,0.0,0.0,0.0,0.0,4.5,wada,シナリオ1,2025-05-22 00:48:00.836731+00:00
2062,0.0,0.0,0.0,0.0,0.0,0.0,0.0,4.5,wada,シナリオ1,2025-05-22 00:48:00.952237+00:00
2063,0.0,0.0,0.0,0.0,0.0,0.0,0.0,4.5,wada,シナリオ1,2025-05-22 00:48:01.065723+00:00
2064,0.0,0.0,0.0,0.0,0.0,0.0,0.0,4.5,wada,シナリオ1,2025-05-22 00:48:01.179947+00:00
2065,0.0,0.0,0.0,0.0,0.0,0.0,0.0,4.5,wada,シナリオ1,2025-05-22 00:48:01.298309+00:00
2066,0.0,0.0,0.0,0.0,0.0,0.0,0.0,4.5,wada,シナリオ1,2025-05-22 00:48:01.412603+00:00
2067,0.0,0.0,0.0,0.0,0.0,0.0,0.0,4.5,wada,シナリオ1,2025-05-22 00:48:01.526188+00:00
2068,0.0,0.0,0.0,0.0,0.0,0.0,0.0,4.5,wada,シナリオ1,2025-05-22 00:48:01.641856+00:00
2069,0.0,0.0,0.0,0.0,0.0,0.0,0.0,4.5,wada,シナリオ1,2025-05-22 00:48:01.755747+00:00
2070,0.0,0.0,0.0,0.0,0.0,0.0,0.0,4.5,wada,シナリオ1,2025-05-22 00:48:01.870970+00:00
2071,0.0,0.0,0.0,0.0,0.0,0.0,0.0,4.5,wada,シナリオ1,2025-05-22 00:48:01.985690+00:00
2072,0.0,0.0,0.0,0.0,0.0,0.0,0.0,4.5,wada,シナリオ1,2025-05-22 00:48:02.099850+00:00
2073,0.0,0.0,0.0,0.0,0.0,0.0,0.0,4.5,wada,シナリオ1,2025-05-22 00:48:02.214648+00:00
2074,0.0,0.0,0.0,0.0,0.0,0.0,0.0,4.5,wada,シナリオ1,2025-05-22 00:48:02.329493+00:00
2075,0.0,0.0,0.0,0.0,0.0,0.0,0.0,4.5,wada,シナリオ1,2025-05-22 00:48:02.443691+00:00
2076,0.0,0.0,0.0,0.0,0.0,0.0,0.0,4.5,wada,シナリオ1,2025-05-22 00:48:03.691138+00:00
2077,0.0,0.0,0.0,0.0,0.0,0.0,0.0,4.5,wada,シナリオ1,2025-05-22 00:48:03.822280+00:00
2078,0.0,0.0,0.0,0.0,0.0,0.0,0.0,4.5,wada,シナリオ1,2025-05-22 00:48:03.940844+00:00
2079,0.0,0.0,0.0,0.0,0.0,0.0,0.0,4.5,wada,シナリオ1,2025-05-22 00:48:04.063734+00:00
2080,0.0,0.0,0.0,0.0,0.0,0.0,0.0,4.5,wada,シナリオ1,2025-05-22 00:48:04.187019+00:00
2081,0.0,0.0,0.0,0.0,0.0,0.0,0.0,4.5,wada,シナリオ1,2025-05-22 00:48:04.306584+00:00
2082,0.0,0.0,0.0,0.0,0.0,0.0,0.0,4.5,wada,シナリオ1,2025-05-22 00:48:04.427351+00:00
2083,0.0,0.0,0.0,0.0,0.0,0.0,0.0,4.5,wada,シナリオ1,2025-05-22 00:48:04.553240+00:00
2084,0.0,0.0,0.0,0.0,0.0,0.0,0.0,4.5,wada,シナリオ1,2025-05-22 00:48:04.672688+00:00
2085,0.0,0.0,0.0,0.0,0.0,0.0,0.0,4.5,wada,シナリオ1,2025-05-22 00:48:04.794896+00:00
2086,0.0,0.0,0.0,0.0,0.0,0.0,0.0,4.5,wada,シナリオ1,2025-05-22 00:48:04.923481+00:00
2087,0.0,0.0,0.0,0.0,0.0,0.0,0.0,4.5,wada,シナリオ1,2025-05-22 00:48:05.047294+00:00
2088,0.0,0.0,0.0,0.0,0.0,0.0,0.0,4.5,wada,シナリオ1,2025-05-22 00:48:05.173462+00:00
2089,0.0,0.0,0.0,0.0,0.0,0.0,0.0,4.5,wada,シナリオ1,2025-05-22 00:48:05.300266+00:00
2090,0.0,0.0,0.0,0.0,0.0,0.0,0.0,4.5,wada,シナリオ1,2025-05-22 00:48:05.422488+00:00
2091,0.0,0.0,0.0,0.0,0.0,0.0,0.0,4.5,wada,シナリオ1,2025-05-22 00:48:05.548477+00:00
2092,0.0,0.0,0.0,0.0,0.0,0.0,0.0,4.5,wada,シナリオ1,2025-05-22 00:48:05.671722+00:00
2093,0.0,0.0,0.0,0.0,0.0,0.0,0.0,4.5,wada,シナリオ1,2025-05-22 00:48:05.790708+00:00
2094,0.0,0.0,0.0,0.0,0.0,0.0,0.0,4.5,wada,シナリオ1,2025-05-22 00:48:05.909657+00:00
2095,0.0,0.0,0.0,0.0,0.0,0.0,0.0,4.5,wada,シナリオ1,2025-05-22 00:48:06.036868+00:00
2096,0.0,0.0,0.0,0.0,0.0,0.0,0.0,4.5,wada,シナリオ1,2025-05-22 00:48:06.164765+00:00
2097,0.0,0.0,0.0,0.0,0.0,0.0,0.0,4.5,wada,シナリオ1,2025-05-22 00:48:06.292997+00:00
2098,0.0,0.0,0.0,0.0,0.0,0.0,0.0,4.5,wada,シナリオ1,2025-05-22 00:48:06.418401+00:00
2099,0.0,0.0,0.0,0.0,0.0,0.0,0.0,4.5,wada,シナリオ1,2025-05-22 00:48:06.542338+00:00
2100,0.0,0.0,0.0,0.0,0.0,0.0,0.0,4.5,wada,シナリオ1,2025-05-22 00:48:06.661870+00:00
2026,100.0,5.0,0.0,0.0,0.0,5.0,5.0,4.5,wada,シナリオ1,2025-05-22 00:48:47.264814+00:00
2027,100.0,5.0,0.0,0.0,0.0,5.0,5.0,4.5,wada,シナリオ1,2025-05-22 00:48:47.390683+00:00
2028,100.0,5.0,0.0,0.0,0.0,5.0,5.0,4.5,wada,シナリオ1,2025-05-22 00:48:47.505506+00:00
2029,100.0,5.0,0.0,0.0,0.0,5.0,5.0,4.5,wada,シナリオ1,2025-05-22 00:48:47.620218+00:00
2030,100.0,5.0,0.0,0.0,0.0,5.0,5.0,4.5,wada,シナリオ1,2025-05-22 00:48:47.735674+00:00
2031,100.0,5.0,0.0,0.0,0.0,5.0,5.0,4.5,wada,シナリオ1,2025-05-22 00:48:47.862513+00:00
2032,100.0,5.0,0.0,0.0,0.0,5.0,5.0,4.5,wada,シナリオ1,2025-05-22 00:48:47.986126+00:00
2033,100.0,5.0,0.0,0.0,0.0,5.0,5.0,4.5,wada,シナリオ1,2025-05-22 00:48:48.103516+00:00
2034,100.0,5.0,0.0,0.0,0.0,5.0,5.0,4.5,wada,シナリオ1,2025-05-22 00:48:48.235286+00:00
2035,100.0,5.0,0.0,0.0,0.0,5.0,5.0,4.5,wada,シナリオ1,2025-05-22 00:48:48.363870+00:00
2036,100.0,5.0,0.0,0.0,0.0,5.0,5.0,4.5,wada,シナリオ1,2025-05-22 00:48:48.486983+00:00
2037,100.0,5.0,0.0,0.0,0.0,5.0,5.0,4.5,wada,シナリオ1,2025-05-22 00:48:48.603408+00:00
2038,100.0,5.0,0.0,0.0,0.0,5.0,5.0,4.5,wada,シナリオ1,2025-05-22 00:48:48.722147+00:00
2039,100.0,5.0,0.0,0.0,0.0,5.0,5.0,4.5,wada,シナリオ1,2025-05-22 00:48:48.853351+00:00
2040,100.0,5.0,0.0,0.0,0.0,5.0,5.0,4.5,wada,シナリオ1,2025-05-22 00:48:48.968938+00:00
2041,100.0,5.0,0.0,0.0,0.0,5.0,5.0,4.5,wada,シナリオ1,2025-05-22 00:48:49.104676+00:00
2042,100.0,5.0,0.0,0.0,0.0,5.0,5.0,4.5,wada,シナリオ1,2025-05-22 00:48:49.231452+00:00
2043,100.0,5.0,0.0,0.0,0.0,5.0,5.0,4.5,wada,シナリオ1,2025-05-22 00:48:49.363818+00:00
2044,100.0,5.0,0.0,0.0,0.0,5.0,5.0,4.5,wada,シナリオ1,2025-05-22 00:48:49.489323+00:00
2045,100.0,5.0,0.0,0.0,0.0,5.0,5.0,4.5,wada,シナリオ1,2025-05-22 00:48:49.604748+00:00
2046,100.0,5.0,0.0,0.0,0.0,5.0,5.0,4.5,wada,シナリオ1,2025-05-22 00:48:49.720990+00:00
2047,100.0,5.0,0.0,0.0,0.0,5.0,5.0,4.5,wada,シナリオ1,2025-05-22 00:48:49.838751+00:00
2048,100.0,5.0,0.0,0.0,0.0,5.0,5.0,4.5,wada,シナリオ1,2025-05-22 00:48:49.956789+00:00
2049,100.0,5.0,0.0,0.0,0.0,5.0,5.0,4.5,wada,シナリオ1,2025-05-22 00:48:50.072694+00:00
2050,100.0,5.0,0.0,0.0,0.0,5.0,5.0,4.5,wada,シナリオ1,2025-05-22 00:48:50.190346+00:00
2051,100.0,5.0,1.0,5.0,5.0,5.0,5.0,4.5,wada,シナリオ1,2025-05-22 00:48:55.404221+00:00
2052,100.0,5.0,1.0,5.0,5.0,5.0,5.0,4.5,wada,シナリオ1,2025-05-22 00:48:55.531377+00:00
2053,100.0,5.0,1.0,5.0,5.0,5.0,5.0,4.5,wada,シナリオ1,2025-05-22 00:48:55.645550+00:00
2054,100.0,5.0,1.0,5.0,5.0,5.0,5.0,4.5,wada,シナリオ1,2025-05-22 00:48:55.760321+00:00
2055,100.0,5.0,1.0,5.0,5.0,5.0,5.0,4.5,wada,シナリオ1,2025-05-22 00:48:55.874623+00:00
2056,100.0,5.0,1.0,5.0,5.0,5.0,5.0,4.5,wada,シナリオ1,2025-05-22 00:48:55.988172+00:00
2057,100.0,5.0,1.0,5.0,5.0,5.0,5.0,4.5,wada,シナリオ1,2025-05-22 00:48:56.102437+00:00
2058,100.0,5.0,1.0,5.0,5.0,5.0,5.0,4.5,wada,シナリオ1,2025-05-22 00:48:56.216819+00:00
2059,100.0,5.0,1.0,5.0,5.0,5.0,5.0,4.5,wada,シナリオ1,2025-05-22 00:48:56.331421+00:00
2060,100.0,5.0,1.0,5.0,5.0,5.0,5.0,4.5,wada,シナリオ1,2025-05-22 00:48:56.445757+00:00
2061,100.0,5.0,1.0,5.0,5.0,5.0,5.0,4.5,wada,シナリオ1,2025-05-22 00:48:56.560087+00:00
2062,100.0,5.0,1.0,5.0,5.0,5.0,5.0,4.5,wada,シナリオ1,2025-05-22 00:48:56.674990+00:00
2063,100.0,5.0,1.0,5.0,5.0,5.0,5.0,4.5,wada,シナリオ1,2025-05-22 00:48:56.789892+00:00
2064,100.0,5.0,1.0,5.0,5.0,5.0,5.0,4.5,wada,シナリオ1,2025-05-22 00:48:56.904084+00:00
2065,100.0,5.0,1.0,5.0,5.0,5.0,5.0,4.5,wada,シナリオ1,2025-05-22 00:48:57.018677+00:00
2066,100.0,5.0,1.0,5.0,5.0,5.0,5.0,4.5,wada,シナリオ1,2025-05-22 00:48:57.132368+00:00
2067,100.0,5.0,1.0,5.0,5.0,5.0,5.0,4.5,wada,シナリオ1,2025-05-22 00:48:57.245953+00:00
2068,100.0,5.0,1.0,5.0,5.0,5.0,5.0,4.5,wada,シナリオ1,2025-05-22 00:48:57.360206+00:00
2069,100.0,5.0,1.0,5.0,5.0,5.0,5.0,4.5,wada,シナリオ1,2025-05-22 00:48:57.475056+00:00
2070,100.0,5.0,1.0,5.0,5.0,5.0,5.0,4.5,wada,シナリオ1,2025-05-22 00:48:57.588860+00:00
2071,100.0,5.0,1.0,5.0,5.0,5.0,5.0,4.5,wada,シナリオ1,2025-05-22 00:48:57.702578+00:00
2072,100.0,5.0,1.0,5.0,5.0,5.0,5.0,4.5,wada,シナリオ1,2025-05-22 00:48:57.816968+00:00
2073,100.0,5.0,1.0,5.0,5.0,5.0,5.0,4.5,wada,シナリオ1,2025-05-22 00:48:57.931269+00:00
2074,100.0,5.0,1.0,5.0,5.0,5.0,5.0,4.5,wada,シナリオ1,2025-05-22 00:48:58.046816+00:00
2075,100.0,5.0,1.0,5.0,5.0,5.0,5.0,4.5,wada,シナリオ1,2025-05-22 00:48:58.162634+00:00
2076,100.0,5.0,1.0,5.0,5.0,5.0,5.0,4.5,wada,シナリオ1,2025-05-22 00:48:58.880413+00:00
2077,100.0,5.0,1.0,5.0,5.0,5.0,5.0,4.5,wada,シナリオ1,2025-05-22 00:48:59.012654+00:00
2078,100.0,5.0,1.0,5.0,5.0,5.0,5.0,4.5,wada,シナリオ1,2025-05-22 00:48:59.130499+00:00
2079,100.0,5.0,1.0,5.0,5.0,5.0,5.0,4.5,wada,シナリオ1,2025-05-22 00:48:59.248349+00:00
2080,100.0,5.0,1.0,5.0,5.0,5.0,5.0,4.5,wada,シナリオ1,2025-05-22 00:48:59.364363+00:00
2081,100.0,5.0,1.0,5.0,5.0,5.0,5.0,4.5,wada,シナリオ1,2025-05-22 00:48:59.482847+00:00
2082,100.0,5.0,1.0,5.0,5.0,5.0,5.0,4.5,wada,シナリオ1,2025-05-22 00:48:59.597403+00:00
2083,100.0,5.0,1.0,5.0,5.0,5.0,5.0,4.5,wada,シナリオ1,2025-05-22 00:48:59.715341+00:00
2084,100.0,5.0,1.0,5.0,5.0,5.0,5.0,4.5,wada,シナリオ1,2025-05-22 00:48:59.836028+00:00
2085,100.0,5.0,1.0,5.0,5.0,5.0,5.0,4.5,wada,シナリオ1,2025-05-22 00:48:59.957578+00:00
2086,100.0,5.0,1.0,5.0,5.0,5.0,5.0,4.5,wada,シナリオ1,2025-05-22 00:49:00.087804+00:00
2087,100.0,5.0,1.0,5.0,5.0,5.0,5.0,4.5,wada,シナリオ1,2025-05-22 00:49:00.214401+00:00
2088,100.0,5.0,1.0,5.0,5.0,5.0,5.0,4.5,wada,シナリオ1,2025-05-22 00:49:00.341480+00:00
2089,100.0,5.0,1.0,5.0,5.0,5.0,5.0,4.5,wada,シナリオ1,2025-05-22 00:49:00.469612+00:00
2090,100.0,5.0,1.0,5.0,5.0,5.0,5.0,4.5,wada,シナリオ1,2025-05-22 00:49:00.597358+00:00
2091,100.0,5.0,1.0,5.0,5.0,5.0,5.0,4.5,wada,シナリオ1,2025-05-22 00:49:00.719394+00:00
2092,100.0,5.0,1.0,5.0,5.0,5.0,5.0,4.5,wada,シナリオ1,2025-05-22 00:49:00.851589+00:00
2093,100.0,5.0,1.0,5.0,5.0,5.0,5.0,4.5,wada,シナリオ1,2025-05-22 00:49:00.979267+00:00
2094,100.0,5.0,1.0,5.0,5.0,5.0,5.0,4.5,wada,シナリオ1,2025-05-22 00:49:01.102719+00:00
2095,100.0,5.0,1.0,5.0,5.0,5.0,5.0,4.5,wada,シナリオ1,2025-05-22 00:49:01.229916+00:00
2096,100.0,5.0,1.0,5.0,5.0,5.0,5.0,4.5,wada,シナリオ1,2025-05-22 00:49:01.360793+00:00
2097,100.0,5.0,1.0,5.0,5.0,5.0,5.0,4.5,wada,シナリオ1,2025-05-22 00:49:01.486857+00:00
2098,100.0,5.0,1.0,5.0,5.0,5.0,5.0,4.5,wada,シナリオ1,2025-05-22 00:49:01.606876+00:00
2099,100.0,5.0,1.0,5.0,5.0,5.0,5.0,4.5,wada,シナリオ1,2025-05-22 00:49:01.735287+00:00
2100,100.0,5.0,1.0,5.0,5.0,5.0,5.0,4.5,wada,シナリオ1,2025-05-22 00:49:01.862389+00:00
