seed,scenario,label,max_flood_damage_jpy,max_flood_2050_2055,max_flood_2065_2075,max_flood_2080_2100
0,01_no_policy,放置,343745441.3,208792333.3,254274575.2,330196619.9
0,02_hard_infra,堤防偏重,270322668.5,160886357.9,147792435.1,190321788.0
0,03_nature_based,自然共生偏重,330007201.2,196815839.5,223752208.8,286727663.7
0,04_agri_rnd,農業R&D偏重,340632396.3,208792333.3,217948870.7,264385132.8
0,05_relocation_capacity,移転・防災偏重,327449824.0,137369651.4,183287505.2,301908310.9
0,06_balanced,バランス型,305426130.2,146034590.2,179767664.1,260663687.6
0,07_late_response,後手対応,342084202.9,206887515.6,204622864.2,288088510.7
0,08_ecosystem_sacrifice,生態系犠牲型,270322668.5,160886357.9,147792435.1,190321788.0
0,09_flood_neglect,洪水軽視型,340632396.3,208792333.3,217948870.7,264385132.8
1,01_no_policy,放置,341732441.3,341732441.3,253192169.7,328909486.7
1,02_hard_infra,堤防偏重,293041491.2,293041491.2,147153417.1,189527555.1
1,03_nature_based,自然共生偏重,329559703.8,329559703.8,223538428.5,285793669.0
1,04_agri_rnd,農業R&D偏重,341732441.3,341732441.3,218582528.6,264318472.4
1,05_relocation_capacity,移転・防災偏重,324971089.1,324971089.1,181183333.7,299640163.5
1,06_balanced,バランス型,303959220.5,303959220.5,179091180.7,260381039.5
1,07_late_response,後手対応,340325700.3,340325700.3,204008185.7,287026106.9
1,08_ecosystem_sacrifice,生態系犠牲型,293041491.2,293041491.2,147153417.1,189527555.1
1,09_flood_neglect,洪水軽視型,341732441.3,341732441.3,218582528.6,264318472.4
2,01_no_policy,放置,339707266.6,339707266.6,252100698.8,327612381.1
2,02_hard_infra,堤防偏重,291275925.2,291275925.2,146509213.3,188727947.9
2,03_nature_based,自然共生偏重,327599431.3,327599431.3,223326048.8,285450217.9
2,04_agri_rnd,農業R&D偏重,339707266.6,339707266.6,219228204.3,264918259.0
2,05_relocation_capacity,移転・防災偏重,322888429.0,322888429.0,181519560.9,297680205.1
2,06_balanced,バランス型,302124791.2,302124791.2,178567268.0,260712756.2
2,07_late_response,後手対応,338590159.5,338590159.5,203422326.0,293305618.8
2,08_ecosystem_sacrifice,生態系犠牲型,291275925.2,291275925.2,146509213.3,188727947.9
2,09_flood_neglect,洪水軽視型,339707266.6,339707266.6,219228204.3,264918259.0
3,01_no_policy,放置,337669912.5,337669912.5,251000131.7,326305266.0
3,02_hard_infra,堤防偏重,289500228.0,289500228.0,145859807.1,215599413.3
3,03_nature_based,自然共生偏重,325627491.4,325627491.4,223115099.1,284390369.9
3,04_agri_rnd,農業R&D偏重,337669912.5,337669912.5,219885989.6,264735444.3
3,05_relocation_capacity,移転・防災偏重,320443547.7,320443547.7,179697741.7,295526727.7
3,06_balanced,バランス型,300239185.9,300239185.9,177921029.2,260346883.6
3,07_late_response,後手対応,336881147.4,336881147.4,202867586.3,291636105.4
3,08_ecosystem_sacrifice,生態系犠牲型,289500228.0,289500228.0,145859807.1,215599413.3
3,09_flood_neglect,洪水軽視型,337669912.5,337669912.5,219885989.6,264735444.3
4,01_no_policy,放置,335620375.8,335620375.8,249890438.6,324988105.0
4,02_hard_infra,堤防偏重,287714400.3,287714400.3,145205182.1,214687657.9
4,03_nature_based,自然共生偏重,323643881.9,323643881.9,222905608.5,283325937.5
4,04_agri_rnd,農業R&D偏重,335620375.8,335620375.8,220555976.4,264560557.4
4,05_relocation_capacity,移転・防災偏重,318382167.0,318382167.0,179538292.9,294116422.3
4,06_balanced,バランス型,298409499.1,298409499.1,177440719.5,260080224.8
4,07_late_response,後手対応,335202560.8,335202560.8,202346396.3,289924294.4
4,08_ecosystem_sacrifice,生態系犠牲型,287714400.3,287714400.3,145205182.1,214687657.9
4,09_flood_neglect,洪水軽視型,335620375.8,335620375.8,220555976.4,264560557.4
5,01_no_policy,放置,333558654.4,333558654.4,248771590.1,323660862.2
5,02_hard_infra,堤防偏重,285918444.3,285918444.3,144545322.4,213769548.8
5,03_nature_based,自然共生偏重,321648601.9,321648601.9,222697606.5,282041196.5
5,04_agri_rnd,農業R&D偏重,333558654.4,333558654.4,221238256.3,264168381.0
5,05_relocation_capacity,移転・防災偏重,316013265.4,316013265.4,177195869.8,291617143.0
5,06_balanced,バランス型,296531833.6,296531833.6,176845082.6,259484607.3
5,07_late_response,後手対応,333558654.4,333558654.4,232348464.9,288167770.6
5,08_ecosystem_sacrifice,生態系犠牲型,285918444.3,285918444.3,144545322.4,213769548.8
5,09_flood_neglect,洪水軽視型,333558654.4,333558654.4,221238256.3,264168381.0
6,01_no_policy,放置,331484747.7,331484747.7,247643557.4,322323502.5
6,02_hard_infra,堤防偏重,284112362.9,284112362.9,169821048.7,212845067.0
6,03_nature_based,自然共生偏重,319641651.5,319641651.5,222491122.7,281275466.4
6,04_agri_rnd,農業R&D偏重,331484747.7,331484747.7,221932920.6,264339058.7
6,05_relocation_capacity,移転・防災偏重,313781782.2,313781782.2,177985982.9,290586510.5
6,06_balanced,バランス型,294669023.2,294669023.2,176297770.5,259516230.2
6,07_late_response,後手対応,331484747.7,331484747.7,231602036.2,286363950.1
6,08_ecosystem_sacrifice,生態系犠牲型,284112362.9,284112362.9,169821048.7,212845067.0
6,09_flood_neglect,洪水軽視型,331484747.7,331484747.7,221932920.6,264339058.7
7,01_no_policy,放置,329398656.3,181308016.3,246506312.4,320975991.6
7,02_hard_infra,堤防偏重,282296160.5,133402040.9,169033955.8,211914194.1
7,03_nature_based,自然共生偏重,318094057.3,169331522.5,222286187.0,280105900.7
7,04_agri_rnd,農業R&D偏重,329398656.3,181308016.3,222640060.4,264084941.3
7,05_relocation_capacity,移転・防災偏重,311827511.8,101849379.8,176605621.5,288509285.0
7,06_balanced,バランス型,292802156.2,117566246.0,175786123.3,259136507.2
7,07_late_response,後手対応,329398656.3,179159928.1,230888889.0,284510068.9
7,08_ecosystem_sacrifice,生態系犠牲型,282296160.5,133402040.9,169033955.8,211914194.1
7,09_flood_neglect,洪水軽視型,329398656.3,181308016.3,222640060.4,264084941.3
8,01_no_policy,放置,327300382.0,180359226.4,245359827.9,314012132.0
8,02_hard_infra,堤防偏重,280469842.2,132719016.3,168240592.8,169904553.5
8,03_nature_based,自然共生偏重,316529357.9,168449173.8,222082829.3,271390728.0
8,04_agri_rnd,農業R&D偏重,327300382.0,180359226.4,223359766.3,245267384.5
8,05_relocation_capacity,移転・防災偏重,309741200.9,101971325.5,175381614.7,277588021.9
8,06_balanced,バランス型,290917784.1,117509480.6,175219579.3,231106674.9
8,07_late_response,後手対応,327300382.0,180359226.4,230211959.1,251639433.7
8,08_ecosystem_sacrifice,生態系犠牲型,280469842.2,132719016.3,168240592.8,169904553.5
8,09_flood_neglect,洪水軽視型,327300382.0,180359226.4,223359766.3,245267384.5
9,01_no_policy,放置,325189928.2,179401998.6,244204077.0,312941257.8
9,02_hard_infra,堤防偏重,278633414.7,132029613.8,167440942.2,169286173.5
9,03_nature_based,自然共生偏重,314947495.2,167558902.4,221881079.8,271858909.1
9,04_agri_rnd,農業R&D偏重,325189928.2,179401998.6,224092129.0,246588468.7
9,05_relocation_capacity,移転・防災偏重,307871008.5,102964118.8,175446913.2,276428005.4
9,06_balanced,バランス型,289073353.1,117566539.3,174743961.1,232024944.6
9,07_late_response,後手対応,325189928.2,179401998.6,229574362.1,250119304.9
9,08_ecosystem_sacrifice,生態系犠牲型,278633414.7,132029613.8,167440942.2,169286173.5
9,09_flood_neglect,洪水軽視型,325189928.2,179401998.6,224092129.0,246588468.7
10,01_no_policy,放置,323067299.3,0.0,213921630.7,311861335.3
10,02_hard_infra,堤防偏重,276786885.6,0.0,108781306.0,169823131.1
10,03_nature_based,自然共生偏重,313348412.4,0.0,188334735.8,270908977.8
10,04_agri_rnd,農業R&D偏重,323067299.3,0.0,187403764.0,246325114.3
10,05_relocation_capacity,移転・防災偏重,305868760.7,0.0,120619137.7,274919312.9
10,06_balanced,バランス型,287214916.6,0.0,134946488.4,231722629.1
10,07_late_response,後手対応,323067299.3,0.0,160600911.2,248554381.9
10,08_ecosystem_sacrifice,生態系犠牲型,276786885.6,0.0,108781306.0,169823131.1
10,09_flood_neglect,洪水軽視型,323067299.3,0.0,187403764.0,246325114.3
11,01_no_policy,放置,320932501.3,0.0,213032310.8,310772322.7
11,02_hard_infra,堤防偏重,274930263.6,0.0,108347054.3,168035450.4
11,03_nature_based,自然共生偏重,311732053.8,0.0,188210855.5,269954218.3
11,04_agri_rnd,農業R&D偏重,320932501.3,0.0,188024598.2,246067884.9
11,05_relocation_capacity,移転・防災偏重,303889772.3,0.0,120276070.3,273394690.2
11,06_balanced,バランス型,285369231.2,0.0,134709306.2,231422401.6
11,07_late_response,後手対応,320932501.3,0.0,189941420.1,246942277.9
11,08_ecosystem_sacrifice,生態系犠牲型,274930263.6,0.0,108347054.3,168035450.4
11,09_flood_neglect,洪水軽視型,320932501.3,0.0,188024598.2,246067884.9
12,01_no_policy,放置,318785541.6,0.0,314085009.2,309674178.6
12,02_hard_infra,堤防偏重,295924550.2,0.0,207163347.5,173337143.5
12,03_nature_based,自然共生偏重,310098364.9,0.0,278331507.4,268994691.2
12,04_agri_rnd,農業R&D偏重,318785541.6,0.0,267318367.8,245816918.9
12,05_relocation_capacity,移転・防災偏重,302210532.9,0.0,280174390.5,273191755.2
12,06_balanced,バランス型,309516676.0,0.0,254275859.0,231411376.2
12,07_late_response,後手対応,318785541.6,0.0,275276619.8,245280459.7
12,08_ecosystem_sacrifice,生態系犠牲型,295924550.2,0.0,207163347.5,173337143.5
12,09_flood_neglect,洪水軽視型,318785541.6,0.0,267318367.8,245816918.9
13,01_no_policy,放置,316626428.7,0.0,312675905.7,308566862.4
13,02_hard_infra,堤防偏重,293906605.6,0.0,206193765.7,172656015.0
13,03_nature_based,自然共生偏重,308447292.4,0.0,277981927.9,268030459.3
13,04_agri_rnd,農業R&D偏重,316626428.7,0.0,268006978.3,245572356.4
13,05_relocation_capacity,移転・防災偏重,300449510.5,0.0,278829407.4,272038314.1
13,06_balanced,バランス型,307514027.0,0.0,253316011.4,231153265.1
13,07_late_response,後手対応,316626428.7,0.0,274030317.3,243566238.7
13,08_ecosystem_sacrifice,生態系犠牲型,293906605.6,0.0,206193765.7,172656015.0
13,09_flood_neglect,洪水軽視型,316626428.7,0.0,268006978.3,245572356.4
14,01_no_policy,放置,314455172.8,0.0,311256429.5,307450333.4
14,02_hard_infra,堤防偏重,291877559.9,0.0,205217676.8,171969494.8
14,03_nature_based,自然共生偏重,306778784.4,0.0,277634194.2,266161453.6
14,04_agri_rnd,農業R&D偏重,314455172.8,0.0,268709800.5,244338316.8
14,05_relocation_capacity,移転・防災偏重,298508442.1,0.0,276613128.7,270006909.9
14,06_balanced,バランス型,305498169.3,0.0,252290495.1,230057411.7
14,07_late_response,後手対応,314455172.8,0.0,272794341.5,241796761.5
14,08_ecosystem_sacrifice,生態系犠牲型,291877559.9,0.0,205217676.8,171969494.8
14,09_flood_neglect,洪水軽視型,314455172.8,0.0,268709800.5,244338316.8
15,01_no_policy,放置,312271785.3,0.0,309826551.9,306324552.0
15,02_hard_infra,堤防偏重,289837425.6,0.0,204235066.4,171277562.8
15,03_nature_based,自然共生偏重,305092790.2,0.0,277288340.8,265275748.8
15,04_agri_rnd,農業R&D偏重,312271785.3,0.0,269426935.0,244206572.5
15,05_relocation_capacity,移転・防災偏重,296655046.3,0.0,274874226.8,268403956.7
15,06_balanced,バランス型,303501679.0,0.0,251275592.7,229823677.1
15,07_late_response,後手対応,312271785.3,0.0,271570426.7,271006738.7
15,08_ecosystem_sacrifice,生態系犠牲型,289837425.6,0.0,204235066.4,171277562.8
15,09_flood_neglect,洪水軽視型,312271785.3,0.0,269426935.0,244206572.5
16,01_no_policy,放置,310076279.1,0.0,308386245.0,305189478.6
16,02_hard_infra,堤防偏重,287786216.6,0.0,203245920.3,170580199.3
16,03_nature_based,自然共生偏重,303389260.4,0.0,276944402.1,264386115.2
16,04_agri_rnd,農業R&D偏重,310076279.1,0.0,270158482.3,244081740.3
16,05_relocation_capacity,移転・防災偏重,294881198.4,0.0,273231046.4,266897131.8
16,06_balanced,バランス型,301526034.6,0.0,250269477.5,229607547.7
16,07_late_response,後手対応,310076279.1,0.0,270360437.1,269490686.4
16,08_ecosystem_sacrifice,生態系犠牲型,287786216.6,0.0,203245920.3,170580199.3
16,09_flood_neglect,洪水軽視型,310076279.1,0.0,270158482.3,244081740.3
17,01_no_policy,放置,307868668.7,0.0,306935481.8,304045074.4
17,02_hard_infra,堤防偏重,285723948.0,0.0,202250225.3,169877385.0
17,03_nature_based,自然共生偏重,301668146.9,0.0,276602413.0,263492599.8
17,04_agri_rnd,農業R&D偏重,307868668.7,0.0,270904542.3,243963939.2
17,05_relocation_capacity,移転・防災偏重,293101718.8,0.0,271446338.2,265228648.6
17,06_balanced,バランス型,299564253.6,0.0,249243609.9,229377664.9
17,07_late_response,後手対応,307868668.7,0.0,298878877.4,267934034.4
17,08_ecosystem_sacrifice,生態系犠牲型,285723948.0,0.0,202250225.3,169877385.0
17,09_flood_neglect,洪水軽視型,307868668.7,0.0,270904542.3,243963939.2
18,01_no_policy,放置,305648969.7,0.0,305474236.1,302891301.1
18,02_hard_infra,堤防偏重,283650636.4,0.0,227304535.4,163509369.5
18,03_nature_based,自然共生偏重,299929403.0,0.0,276262408.5,262595251.0
18,04_agri_rnd,農業R&D偏重,305648969.7,0.0,271665214.4,243853289.5
18,05_relocation_capacity,移転・防災偏重,291285309.2,0.0,269395984.0,263258694.0
18,06_balanced,バランス型,297615710.1,0.0,248182864.8,229118011.6
18,07_late_response,後手対応,305648969.7,0.0,297506445.1,266334585.5
18,08_ecosystem_sacrifice,生態系犠牲型,283650636.4,0.0,227304535.4,163509369.5
18,09_flood_neglect,洪水軽視型,305648969.7,0.0,271665214.4,243853289.5
19,01_no_policy,放置,304002482.4,232131533.7,304002482.4,301728120.8
19,02_hard_infra,堤防偏重,281566299.6,183440583.6,226179973.7,162843687.6
19,03_nature_based,自然共生偏重,298172983.4,219958796.2,275924423.7,261694118.8
19,04_agri_rnd,農業R&D偏重,303417199.3,232131533.7,272440597.7,243749912.3
19,05_relocation_capacity,移転・防災偏重,289611131.4,167013902.4,267575400.2,261529196.9
19,06_balanced,バランス型,295703725.4,170076864.3,247148538.4,228894000.2
19,07_late_response,後手対応,303417199.3,226195390.6,296144826.0,264689999.7
19,08_ecosystem_sacrifice,生態系犠牲型,281566299.6,183440583.6,226179973.7,162843687.6
19,09_flood_neglect,洪水軽視型,303417199.3,232131533.7,272440597.7,243749912.3
20,01_no_policy,放置,302520196.0,230872290.0,302520196.0,300555496.4
20,02_hard_infra,堤防偏重,279470957.0,182440948.6,225047839.4,162173180.5
20,03_nature_based,自然共生偏重,296398844.1,218764454.6,275588494.0,260789254.6
20,04_agri_rnd,農業R&D偏重,301173376.3,230872290.0,273230790.9,243653929.7
20,05_relocation_capacity,移転・防災偏重,288043468.9,166370282.0,265889210.3,259938154.4
20,06_balanced,バランス型,293827657.5,169419351.1,246129662.2,228692952.7
20,07_late_response,後手対応,301173376.3,226257571.8,294796003.6,262997785.7
20,08_ecosystem_sacrifice,生態系犠牲型,279470957.0,182440948.6,225047839.4,162173180.5
20,09_flood_neglect,洪水軽視型,301173376.3,230872290.0,273230790.9,243653929.7
21,01_no_policy,放置,301027353.3,229603515.1,301027353.3,299373391.2
21,02_hard_infra,堤防偏重,277364629.1,181433830.6,223908118.3,189072944.1
21,03_nature_based,自然共生偏重,294606942.5,217561094.0,275254654.8,259880711.4
21,04_agri_rnd,農業R&D偏重,298917520.8,229603515.1,274035892.0,243565464.8
21,05_relocation_capacity,移転・防災偏重,286677483.5,166519647.7,264678441.7,259684393.7
21,06_balanced,バランス型,292001867.7,168873676.1,245169744.9,228559264.3
21,07_late_response,後手対応,298917520.8,226414267.5,293462122.3,253244109.5
21,08_ecosystem_sacrifice,生態系犠牲型,277364629.1,181433830.6,223908118.3,189072944.1
21,09_flood_neglect,洪水軽視型,298917520.8,229603515.1,274035892.0,243565464.8
22,01_no_policy,放置,299523931.4,228325192.2,299523931.4,298181768.9
22,02_hard_infra,堤防偏重,296649654.6,180419216.8,222760796.6,188290455.5
22,03_nature_based,自然共生偏重,292797237.6,216348698.4,274922941.9,258968543.8
22,04_agri_rnd,農業R&D偏重,296649654.6,228325192.2,274855998.8,243484641.6
22,05_relocation_capacity,移転・防災偏重,285291115.5,166247639.4,263194106.4,258206282.2
22,06_balanced,バランス型,290205426.1,168297374.6,244176032.0,228483509.5
22,07_late_response,後手対応,296649654.6,226671917.2,292145499.4,252711383.3
22,08_ecosystem_sacrifice,生態系犠牲型,296649654.6,180419216.8,222760796.6,188290455.5
22,09_flood_neglect,洪水軽視型,296649654.6,228325192.2,274855998.8,243484641.6
23,01_no_policy,放置,508681996.3,227037305.1,272027138.5,508681996.3
23,02_hard_infra,堤防偏重,294369800.7,179397095.0,165544998.5,216933967.8
23,03_nature_based,自然共生偏重,433468361.8,215127252.5,240236705.3,433468361.8
23,04_agri_rnd,農業R&D偏重,392560704.2,227037305.1,233165300.2,392560704.2
23,05_relocation_capacity,移転・防災偏重,367539673.1,165614454.5,215962121.2,367539673.1
23,06_balanced,バランス型,311605294.4,167696961.0,202190683.9,311605294.4
23,07_late_response,後手対応,379106556.7,227037305.1,225867003.4,379106556.7
23,08_ecosystem_sacrifice,生態系犠牲型,294369800.7,179397095.0,165544998.5,216933967.8
23,09_flood_neglect,洪水軽視型,392560704.2,227037305.1,233165300.2,392560704.2
24,01_no_policy,放置,507190093.2,225739838.3,270842271.9,507190093.2
24,02_hard_infra,堤防偏重,292077983.8,178367453.5,164803519.2,216312313.5
24,03_nature_based,自然共生偏重,435615693.0,213896742.1,239982206.4,435615693.0
24,04_agri_rnd,農業R&D偏重,396117151.5,225739838.3,233819982.3,396117151.5
24,05_relocation_capacity,移転・防災偏重,366369168.3,164577137.8,215093957.1,366369168.3
24,06_balanced,バランス型,313716251.2,167066234.5,201428517.7,313716251.2
24,07_late_response,後手対応,375503757.4,225739838.3,225040690.6,375503757.4
24,08_ecosystem_sacrifice,生態系犠牲型,292077983.8,178367453.5,164803519.2,216312313.5
24,09_flood_neglect,洪水軽視型,396117151.5,225739838.3,233819982.3,396117151.5
25,01_no_policy,放置,505683015.9,0.0,269647933.7,505683015.9
25,02_hard_infra,堤防偏重,289774230.2,0.0,164056448.2,215684099.8
25,03_nature_based,自然共生偏重,434272753.0,0.0,239729254.0,434272753.0
25,04_agri_rnd,農業R&D偏重,395775763.0,0.0,234487379.7,395775763.0
25,05_relocation_capacity,移転・防災偏重,364760351.6,0.0,214075764.2,364760351.6
25,06_balanced,バランス型,313664649.4,0.0,200742270.1,313664649.4
25,07_late_response,後手対応,374645693.2,0.0,224238744.3,374645693.2
25,08_ecosystem_sacrifice,生態系犠牲型,289774230.2,0.0,164056448.2,215684099.8
25,09_flood_neglect,洪水軽視型,395775763.0,0.0,234487379.7,395775763.0
26,01_no_policy,放置,504160680.2,198680488.7,268444094.1,504160680.2
26,02_hard_infra,堤防偏重,287458567.6,149989538.5,163303769.4,215049289.5
26,03_nature_based,自然共生偏重,429938517.8,186507751.1,239477878.9,429938517.8
26,04_agri_rnd,農業R&D偏重,392118674.0,198680488.7,235167586.8,392118674.0
26,05_relocation_capacity,移転・防災偏重,360561509.4,120602537.4,212129717.2,360561509.4
26,06_balanced,バランス型,311074512.9,132699824.5,200041381.2,311074512.9
26,07_late_response,後手対応,373792293.0,191212438.0,223463427.1,373792293.0
26,08_ecosystem_sacrifice,生態系犠牲型,287458567.6,149989538.5,163303769.4,215049289.5
26,09_flood_neglect,洪水軽視型,392118674.0,198680488.7,235167586.8,392118674.0
27,01_no_policy,放置,502623002.7,197655013.0,267230724.1,502623002.7
27,02_hard_infra,堤防偏重,285131025.2,149223671.6,162545467.6,214407845.7
27,03_nature_based,自然共生偏重,428748325.3,185547177.6,239228112.0,428748325.3
27,04_agri_rnd,農業R&D偏重,391991628.4,197655013.0,235860698.0,391991628.4
27,05_relocation_capacity,移転・防災偏重,357382849.1,120233072.4,210536412.3,357382849.1
27,06_balanced,バランス型,311018758.5,132419955.2,199293101.1,311018758.5
27,07_late_response,後手対応,373246864.1,191884715.0,227051540.6,373246864.1
27,08_ecosystem_sacrifice,生態系犠牲型,285131025.2,149223671.6,162545467.6,214407845.7
27,09_flood_neglect,洪水軽視型,391991628.4,197655013.0,235860698.0,391991628.4
28,01_no_policy,放置,501069900.3,196620814.5,266007795.2,501069900.3
28,02_hard_infra,堤防偏重,282791634.0,148451130.0,187838094.5,213759731.7
28,03_nature_based,自然共生偏重,427551447.6,184578393.4,238979984.5,427551447.6
28,04_agri_rnd,農業R&D偏重,391875058.8,196620814.5,236566807.2,391875058.8
28,05_relocation_capacity,移転・防災偏重,354422362.3,120021215.5,209044946.1,354422362.3
28,06_balanced,バランス型,310993794.5,132172813.8,198557063.7,310993794.5
28,07_late_response,後手対応,372673946.8,192657196.4,252487936.9,372673946.8
28,08_ecosystem_sacrifice,生態系犠牲型,282791634.0,148451130.0,187838094.5,213759731.7
28,09_flood_neglect,洪水軽視型,391875058.8,196620814.5,236566807.2,391875058.8
29,01_no_policy,放置,499501290.7,195577872.0,289571030.6,499501290.7
29,02_hard_infra,堤防偏重,280440426.2,147671896.6,186952771.1,252451530.2
29,03_nature_based,自然共生偏重,426347950.5,183601378.2,255642570.5,426347950.5
29,04_agri_rnd,農業R&D偏重,391769164.1,195577872.0,246454472.5,391769164.1
29,05_relocation_capacity,移転・防災偏重,352736768.3,120464314.8,245291057.6,352736768.3
29,06_balanced,バランス型,311871619.0,132014830.0,223830476.8,311871619.0
29,07_late_response,後手対応,373998804.3,193535662.6,251530270.5,373998804.3
29,08_ecosystem_sacrifice,生態系犠牲型,280440426.2,147671896.6,186952771.1,225301530.7
29,09_flood_neglect,洪水軽視型,391769164.1,195577872.0,246454472.5,391769164.1
30,01_no_policy,放置,497917092.2,194526165.0,288302045.4,497917092.2
30,02_hard_infra,堤防偏重,278077436.0,146885954.9,186060794.2,252573288.0
30,03_nature_based,自然共生偏重,425137902.2,182616112.5,255349094.3,425137902.2
30,04_agri_rnd,農業R&D偏重,391674145.1,194526165.0,247115171.4,391674145.1
30,05_relocation_capacity,移転・防災偏重,352153533.4,121443379.1,244382705.9,352153533.4
30,06_balanced,バランス型,312029357.5,131937840.9,223051385.2,312029357.5
30,07_late_response,後手対応,373002060.9,194526165.0,250599707.4,373002060.9
30,08_ecosystem_sacrifice,生態系犠牲型,278077436.0,146885954.9,186060794.2,227721467.7
30,09_flood_neglect,洪水軽視型,391674145.1,194526165.0,247115171.4,391674145.1
31,01_no_policy,放置,496317223.6,193465673.7,287023246.1,496317223.6
31,02_hard_infra,堤防偏重,252679528.1,146093288.9,185162146.9,252679528.1
31,03_nature_based,自然共生偏重,422959028.6,181622577.5,255057266.2,422959028.6
31,04_agri_rnd,農業R&D偏重,390697843.2,193465673.7,247789127.8,390697843.2
31,05_relocation_capacity,移転・防災偏重,346967927.2,121289898.8,242103081.8,346967927.2
31,06_balanced,バランス型,310481704.2,131756780.7,222186723.5,310481704.2
31,07_late_response,後手対応,371838361.6,193465673.7,249699027.3,371838361.6
31,08_ecosystem_sacrifice,生態系犠牲型,236565220.2,146093288.9,185162146.9,228972917.9
31,09_flood_neglect,洪水軽視型,390697843.2,193465673.7,247789127.8,390697843.2
32,01_no_policy,放置,585963703.5,283903461.0,285734602.9,585963703.5
32,02_hard_infra,堤防偏重,328391750.8,235212510.9,184256812.8,328391750.8
32,03_nature_based,自然共生偏重,497848987.8,271730723.5,254767118.2,497848987.8
32,04_agri_rnd,農業R&D偏重,446364989.9,283903461.0,248476438.9,446364989.9
32,05_relocation_capacity,移転・防災偏重,491980847.0,245952574.7,240356593.0,491980847.0
32,06_balanced,バランス型,398569372.8,234120134.9,221361070.7,398569372.8
32,07_late_response,後手対応,475836185.5,280588867.3,248831195.1,475836185.5
32,08_ecosystem_sacrifice,生態系犠牲型,297301631.9,235212510.9,184256812.8,297301631.9
32,09_flood_neglect,洪水軽視型,446364989.9,283903461.0,248476438.9,446364989.9
33,01_no_policy,放置,584121898.6,282282416.2,284436086.8,584121898.6
33,02_hard_infra,堤防偏重,328241481.9,233851074.8,179295762.1,328241481.9
33,03_nature_based,自然共生偏重,496654891.1,270174580.9,254478682.6,496654891.1
33,04_agri_rnd,農業R&D偏重,446390139.8,282282416.2,249177201.6,446390139.8
33,05_relocation_capacity,移転・防災偏重,489129384.4,244247047.4,238829118.5,489129384.4
33,06_balanced,バランス型,398489808.8,232771335.9,220506961.2,398489808.8
33,07_late_response,後手対応,474321839.4,279678398.0,242377291.7,474321839.4
33,08_ecosystem_sacrifice,生態系犠牲型,298153212.9,233851074.8,179295762.1,298153212.9
33,09_flood_neglect,洪水軽視型,446390139.8,282282416.2,249177201.6,446390139.8
34,01_no_policy,放置,582263358.9,280650589.4,283127669.6,582263358.9
34,02_hard_infra,堤防偏重,329281453.8,232480904.9,178442413.1,329281453.8
34,03_nature_based,自然共生偏重,495453804.4,268608168.2,254191991.9,495453804.4
34,04_agri_rnd,農業R&D偏重,446426291.1,280650589.4,249891512.3,446426291.1
34,05_relocation_capacity,移転・防災偏重,506528933.5,242711323.6,237491131.3,506528933.5
34,06_balanced,バランス型,400184052.9,231453077.8,219673310.0,400184052.9
34,07_late_response,後手対応,474874941.5,278831787.0,241438277.0,474874941.5
34,08_ecosystem_sacrifice,生態系犠牲型,302099549.9,232480904.9,178442413.1,302099549.9
34,09_flood_neglect,洪水軽視型,446426291.1,280650589.4,249891512.3,446426291.1
35,01_no_policy,放置,580387998.5,279007970.0,281809323.7,580387998.5
35,02_hard_infra,堤防偏重,330042919.6,231101994.6,177583056.1,330042919.6
35,03_nature_based,自然共生偏重,494245717.2,267031476.1,253907078.8,494245717.2
35,04_agri_rnd,農業R&D偏重,446473570.7,279007970.0,250619467.3,446473570.7
35,05_relocation_capacity,移転・防災偏重,503650913.9,241166539.8,236121404.0,503650913.9
35,06_balanced,バランス型,401519810.6,230142577.0,218836630.7,401519810.6
35,07_late_response,後手対応,478658694.8,278055029.9,270734802.7,478658694.8
35,08_ecosystem_sacrifice,生態系犠牲型,305361024.3,231101994.6,177583056.1,305361024.3
35,09_flood_neglect,洪水軽視型,446473570.7,279007970.0,250619467.3,446473570.7
36,01_no_policy,放置,578495732.2,277354548.5,280481022.3,578495732.2
36,02_hard_infra,堤防偏重,329745804.5,229714338.4,176717677.4,329745804.5
36,03_nature_based,自然共生偏重,493030619.6,265444496.0,253623976.1,493030619.6
36,04_agri_rnd,農業R&D偏重,446532105.9,277354548.5,251361162.5,446532105.9
36,05_relocation_capacity,移転・防災偏重,501018731.8,239749754.7,234887236.8,501018731.8
36,06_balanced,バランス型,401392100.0,228860941.2,218015998.9,401392100.0
36,07_late_response,後手対応,476808801.8,277354548.5,269602263.7,476808801.8
36,08_ecosystem_sacrifice,生態系犠牲型,306397310.0,229714338.4,176717677.4,306397310.0
36,09_flood_neglect,洪水軽視型,446532105.9,277354548.5,251361162.5,446532105.9
37,01_no_policy,放置,576586475.7,275690316.6,279142739.4,576586475.7
37,02_hard_infra,堤防偏重,327886603.9,228317931.8,201670382.8,327886603.9
37,03_nature_based,自然共生偏重,495649592.4,263847220.4,253342716.9,495649592.4
37,04_agri_rnd,農業R&D偏重,450826004.9,275690316.6,252116693.2,450826004.9
37,05_relocation_capacity,移転・防災偏重,480235034.0,237864975.6,233800932.7,480235034.0
37,06_balanced,バランス型,402875379.8,227523526.6,217129470.3,402875379.8
37,07_late_response,後手対応,469564801.1,275690316.6,268490910.7,469564801.1
37,08_ecosystem_sacrifice,生態系犠牲型,302976796.3,228317931.8,201670382.8,302976796.3
37,09_flood_neglect,洪水軽視型,450826004.9,275690316.6,252116693.2,450826004.9
38,01_no_policy,放置,574660145.2,0.0,277794449.7,574660145.2
38,02_hard_infra,堤防偏重,327847874.6,0.0,200675214.6,327847874.6
38,03_nature_based,自然共生偏重,494170300.4,0.0,253063334.3,494170300.4
38,04_agri_rnd,農業R&D偏重,450625372.9,0.0,252886154.6,450625372.9
38,05_relocation_capacity,移転・防災偏重,478107719.9,0.0,232638618.7,478107719.9
38,06_balanced,バランス型,402662142.8,0.0,216325582.7,402662142.8
38,07_late_response,後手対応,467974636.6,0.0,267403302.8,467974636.6
38,08_ecosystem_sacrifice,生態系犠牲型,304813512.8,0.0,200675214.6,304813512.8
38,09_flood_neglect,洪水軽視型,450625372.9,0.0,252886154.6,450625372.9
39,01_no_policy,放置,572716658.1,0.0,276436128.6,572716658.1
39,02_hard_infra,堤防偏重,287242913.5,0.0,199672993.8,287242913.5
39,03_nature_based,自然共生偏重,492682837.2,0.0,252785861.8,492682837.2
39,04_agri_rnd,農業R&D偏重,450436127.4,0.0,253669641.2,450436127.4
39,05_relocation_capacity,移転・防災偏重,474969771.6,0.0,231026972.1,474969771.6
39,06_balanced,バランス型,401066162.3,0.0,215472562.6,401066162.3
39,07_late_response,後手対応,464816844.3,0.0,266342183.6,464816844.3
39,08_ecosystem_sacrifice,生態系犠牲型,287242913.5,0.0,199672993.8,287242913.5
39,09_flood_neglect,洪水軽視型,450436127.4,0.0,253669641.2,450436127.4
40,01_no_policy,放置,570755932.1,0.0,219751083.1,570755932.1
40,02_hard_infra,堤防偏重,286213713.8,0.0,142134150.3,286213713.8
40,03_nature_based,自然共生偏重,491187257.0,0.0,197146797.1,491187257.0
40,04_agri_rnd,農業R&D偏重,450258466.4,0.0,199594144.4,450258466.4
40,05_relocation_capacity,移転・防災偏重,471897225.9,0.0,140942377.7,471897225.9
40,06_balanced,バランス型,400862420.6,0.0,145345138.7,400862420.6
40,07_late_response,後手対応,463329051.3,0.0,200194462.3,463329051.3
40,08_ecosystem_sacrifice,生態系犠牲型,286213713.8,0.0,142134150.3,286213713.8
40,09_flood_neglect,洪水軽視型,450258466.4,0.0,199594144.4,450258466.4
41,01_no_policy,放置,568777886.1,228008155.3,218813137.8,568777886.1
41,02_hard_infra,堤防偏重,285176130.2,179317205.2,141497547.2,285176130.2
41,03_nature_based,自然共生偏重,489683615.9,215835417.8,197005996.7,489683615.9
41,04_agri_rnd,農業R&D偏重,450092590.0,228008155.3,200285357.7,450092590.0
41,05_relocation_capacity,移転・防災偏重,468276694.7,162859003.3,139984347.4,468276694.7
41,06_balanced,バランス型,400608090.8,165455130.5,145018430.4,400608090.8
41,07_late_response,後手対応,462062424.2,221858430.5,199935639.4,462062424.2
41,08_ecosystem_sacrifice,生態系犠牲型,285176130.2,179317205.2,141497547.2,285176130.2
41,09_flood_neglect,洪水軽視型,450092590.0,228008155.3,200285357.7,450092590.0
42,01_no_policy,放置,566782439.6,247868922.1,217866707.7,566782439.6
42,02_hard_infra,堤防偏重,284130126.6,199177971.9,140044199.0,284130126.6
42,03_nature_based,自然共生偏重,488171972.6,235696184.5,194260006.3,488171972.6
42,04_agri_rnd,農業R&D偏重,449938699.6,247868922.1,195247537.5,449938699.6
42,05_relocation_capacity,移転・防災偏重,465821580.1,192999277.6,136211137.1,465821580.1
42,06_balanced,バランス型,400812051.4,189364338.5,142156515.4,400812051.4
42,07_late_response,後手対応,460565590.4,242767125.9,196994675.8,460565590.4
42,08_ecosystem_sacrifice,生態系犠牲型,284130126.6,199177971.9,140044199.0,284130126.6
42,09_flood_neglect,洪水軽視型,449938699.6,247868922.1,195247537.5,449938699.6
43,01_no_policy,放置,564769513.3,246499699.7,216911763.1,564769513.3
43,02_hard_infra,堤防偏重,283075667.6,198068358.3,139439406.5,283075667.6
43,03_nature_based,自然共生偏重,486652388.4,234391864.4,194124280.4,486652388.4
43,04_agri_rnd,農業R&D偏重,449796998.6,246499699.7,195910796.5,449796998.6
43,05_relocation_capacity,移転・防災偏重,461739759.0,191352988.2,134983726.1,461739759.0
43,06_balanced,バランス型,400497045.8,188408905.8,141816144.3,400497045.8
43,07_late_response,後手対応,459074386.6,242520966.7,196692057.4,459074386.6
43,08_ecosystem_sacrifice,生態系犠牲型,283075667.6,198068358.3,139439406.5,283075667.6
43,09_flood_neglect,洪水軽視型,449796998.6,246499699.7,195910796.5,449796998.6
44,01_no_policy,放置,562739028.5,245120566.1,254497848.5,562739028.5
44,02_hard_infra,堤防偏重,326605539.2,196950881.5,147576186.7,326605539.2
44,03_nature_based,自然共生偏重,485124926.9,233078144.9,223180552.3,485124926.9
44,04_agri_rnd,農業R&D偏重,449667692.2,245120566.1,216603618.4,449667692.2
44,05_relocation_capacity,移転・防災偏重,458976335.3,190425656.2,185150276.4,458976335.3
44,06_balanced,バランス型,401275060.6,187556621.8,179464870.3,401275060.6
44,07_late_response,後手対応,458798487.5,242362064.1,204247433.9,458798487.5
44,08_ecosystem_sacrifice,生態系犠牲型,310439611.0,196950881.5,147576186.7,310439611.0
44,09_flood_neglect,洪水軽視型,449667692.2,245120566.1,216603618.4,449667692.2
45,01_no_policy,放置,560690907.3,243731506.0,253429336.4,560690907.3
45,02_hard_infra,堤防偏重,280941243.6,195825530.6,146947196.4,280941243.6
45,03_nature_based,自然共生偏重,483589654.3,231755012.2,222967345.6,483589654.3
45,04_agri_rnd,農業R&D偏重,449550987.1,243731506.0,217224382.9,449550987.1
45,05_relocation_capacity,移転・防災偏重,456913929.1,189879764.8,184810613.4,456913929.1
45,06_balanced,バランス型,400263912.8,186769669.3,178965686.4,400263912.8
45,07_late_response,後手対応,456007759.8,242296942.4,203616326.5,456007759.8
45,08_ecosystem_sacrifice,生態系犠牲型,280941243.6,195825530.6,146947196.4,280941243.6
45,09_flood_neglect,洪水軽視型,449550987.1,243731506.0,217224382.9,449550987.1
46,01_no_policy,放置,558625073.2,242332505.4,252351809.4,558625073.2
46,02_hard_infra,堤防偏重,279861210.0,194692295.3,146313056.8,279861210.0
46,03_nature_based,自然共生偏重,482046639.4,230422452.9,222755503.9,482046639.4
46,04_agri_rnd,農業R&D偏重,449447091.9,242332505.4,217857039.8,449447091.9
46,05_relocation_capacity,移転・防災偏重,453886373.6,188893479.8,183831008.9,453886373.6
46,06_balanced,バランス型,400097785.9,185944740.5,178407432.9,400097785.9
46,07_late_response,後手対応,454543709.2,242332505.4,203012039.7,454543709.2
46,08_ecosystem_sacrifice,生態系犠牲型,279861210.0,194692295.3,146313056.8,279861210.0
46,09_flood_neglect,洪水軽視型,449447091.9,242332505.4,217857039.8,449447091.9
47,01_no_policy,放置,556541450.2,240923551.1,251265236.2,556541450.2
47,02_hard_infra,堤防偏重,334326357.0,193551166.3,145673750.7,334326357.0
47,03_nature_based,自然共生偏重,481675420.4,229080454.9,222545056.0,481675420.4
47,04_agri_rnd,農業R&D偏重,450661822.9,240923551.1,218501681.2,450661822.9
47,05_relocation_capacity,移転・防災偏重,450810162.4,188130561.5,184217693.3,450810162.4
47,06_balanced,バランス型,401081822.6,185168571.7,177876982.2,401081822.6
47,07_late_response,後手対応,476453658.3,240923551.1,202436752.6,476453658.3
47,08_ecosystem_sacrifice,生態系犠牲型,334326357.0,193551166.3,145673750.7,334326357.0
47,09_flood_neglect,洪水軽視型,450661822.9,240923551.1,218501681.2,450661822.9
48,01_no_policy,放置,554439963.6,0.0,466646785.4,554439963.6
48,02_hard_infra,堤防偏重,324784611.5,0.0,252803461.9,324784611.5
48,03_nature_based,自然共生偏重,479883143.9,0.0,407165027.9,479883143.9
48,04_agri_rnd,農業R&D偏重,450323020.7,0.0,397163995.0,450323020.7
48,05_relocation_capacity,移転・防災偏重,449429827.9,0.0,307582906.5,449429827.9
48,06_balanced,バランス型,401103446.4,0.0,308777066.1,401103446.4
48,07_late_response,後手対応,452114951.2,0.0,358602208.4,452114951.2
48,08_ecosystem_sacrifice,生態系犠牲型,313272102.8,0.0,252803461.9,313272102.8
48,09_flood_neglect,洪水軽視型,450323020.7,0.0,397163995.0,450323020.7
49,01_no_policy,放置,552320539.4,262296389.6,464751821.4,552320539.4
49,02_hard_infra,堤防偏重,324406472.1,213605439.4,251787541.4,324406472.1
49,03_nature_based,自然共生偏重,478082334.6,250123652.0,406835535.3,478082334.6
49,04_agri_rnd,農業R&D偏重,449997614.0,262296389.6,398357305.6,449997614.0
49,05_relocation_capacity,移転・防災偏重,445481546.8,216329134.7,305015118.2,445481546.8
49,06_balanced,バランス型,400597490.5,207393442.0,307911663.9,400597490.5
49,07_late_response,後手対応,450739530.8,257948523.7,357853604.1,450739530.8
49,08_ecosystem_sacrifice,生態系犠牲型,313924182.1,213605439.4,251787541.4,313924182.1
49,09_flood_neglect,洪水軽視型,449997614.0,262296389.6,398357305.6,449997614.0
50,01_no_policy,放置,550183104.9,260826342.8,462839792.5,550183104.9
50,02_hard_infra,堤防偏重,324143925.9,212395001.4,250762287.2,324143925.9
50,03_nature_based,自然共生偏重,476273132.9,248718507.5,406508431.1,476273132.9
50,04_agri_rnd,農業R&D偏重,449685886.4,260826342.8,399572752.6,449685886.4
50,05_relocation_capacity,移転・防災偏重,440956045.5,214375717.6,301695504.2,440956045.5
50,06_balanced,バランス型,400046491.4,206244266.0,306982588.0,400046491.4
50,07_late_response,後手対応,449256924.2,257425512.4,357165345.8,449256924.2
50,08_ecosystem_sacrifice,生態系犠牲型,314825822.8,212395001.4,250762287.2,314825822.8
50,09_flood_neglect,洪水軽視型,449685886.4,260826342.8,399572752.6,449685886.4
51,01_no_policy,放置,548027588.3,259346036.2,460910634.3,548027588.3
51,02_hard_infra,堤防偏重,323718249.2,211176351.6,249727663.4,323718249.2
51,03_nature_based,自然共生偏重,474455684.0,247303615.0,406183768.9,474455684.0
51,04_agri_rnd,農業R&D偏重,449388124.6,259346036.2,400810514.1,449388124.6
51,05_relocation_capacity,移転・防災偏重,438697451.4,213364438.1,301754521.6,438697451.4
51,06_balanced,バランス型,399748979.7,205230258.3,306358266.4,399748979.7
51,07_late_response,後手対応,447793606.3,256981164.8,356541680.7,447793606.3
51,08_ecosystem_sacrifice,生態系犠牲型,315880057.8,211176351.6,249727663.4,315880057.8
51,09_flood_neglect,洪水軽視型,449388124.6,259346036.2,400810514.1,449388124.6
52,01_no_policy,放置,545853918.8,257855456.3,458964283.8,545853918.8
52,02_hard_infra,堤防偏重,323278658.9,209949480.9,248683634.4,323278658.9
52,03_nature_based,自然共生偏重,472630137.0,245878962.5,405861602.7,472630137.0
52,04_agri_rnd,農業R&D偏重,449104618.2,257855456.3,402070767.9,449104618.2
52,05_relocation_capacity,移転・防災偏重,436347154.6,212338263.4,301685561.8,436347154.6
52,06_balanced,バランス型,399454516.4,204229352.6,305731513.4,399454516.4
52,07_late_response,後手対応,446351566.8,256621912.1,355987075.7,446351566.8
52,08_ecosystem_sacrifice,生態系犠牲型,316858024.0,209949480.9,248683634.4,316858024.0
52,09_flood_neglect,洪水軽視型,449104618.2,257855456.3,402070767.9,449104618.2
53,01_no_policy,放置,543662027.0,256354591.0,457000678.6,282141742.5
53,02_hard_infra,堤防偏重,322825028.9,208714380.9,247630165.6,165620289.5
53,03_nature_based,自然共生偏重,472131070.9,244444538.5,405541987.0,244257964.1
53,04_agri_rnd,農業R&D偏重,450254331.5,256354591.0,403353691.5,227716924.8
53,05_relocation_capacity,移転・防災偏重,433585613.8,211176921.3,301052125.6,234535837.6
53,06_balanced,バランス型,398149516.7,203226684.1,305063324.5,204168836.7
53,07_late_response,後手対応,444932920.8,256354591.0,355506227.8,231261487.8
53,08_ecosystem_sacrifice,生態系犠牲型,317728053.7,208714380.9,247630165.6,158354980.5
53,09_flood_neglect,洪水軽視型,450254331.5,256354591.0,403353691.5,227716924.8
54,01_no_policy,放置,541451844.2,254843428.9,455019757.9,281085368.0
54,02_hard_infra,堤防偏重,325017488.0,207471044.1,298680356.4,169977821.4
54,03_nature_based,自然共生偏重,471634647.8,243000332.7,405224976.5,243992549.2
54,04_agri_rnd,農業R&D偏重,451427884.8,254843428.9,404659462.1,228245036.4
54,05_relocation_capacity,移転・防災偏重,432163796.7,209992517.6,302704500.2,233016610.8
54,06_balanced,バランス型,396706122.1,202238614.4,304390444.7,204348295.3
54,07_late_response,後手対応,443286739.5,254843428.9,414909346.3,230007955.3
54,08_ecosystem_sacrifice,生態系犠牲型,325017488.0,207471044.1,298680356.4,169977821.4
54,09_flood_neglect,洪水軽視型,451427884.8,254843428.9,404659462.1,228245036.4
55,01_no_policy,放置,539223303.2,204778192.7,453021461.7,333088259.0
55,02_hard_infra,堤防偏重,323644971.0,156087242.6,297376444.3,187214244.8
55,03_nature_based,自然共生偏重,471140925.9,192605455.2,404910626.5,292377344.9
55,04_agri_rnd,農業R&D偏重,452625468.0,204778192.7,405988256.5,261920916.5
55,05_relocation_capacity,移転・防災偏重,429987103.1,136903632.4,302457821.4,308671187.3
55,06_balanced,バランス型,395483031.1,141749839.0,303793585.9,254772133.7
55,07_late_response,後手対応,442006847.9,203439988.4,413983446.7,286737953.2
55,08_ecosystem_sacrifice,生態系犠牲型,323644971.0,156087242.6,297376444.3,187214244.8
55,09_flood_neglect,洪水軽視型,452625468.0,204778192.7,405988256.5,261920916.5
56,01_no_policy,放置,536976337.6,203710104.1,451005731.2,331985770.2
56,02_hard_infra,堤防偏重,322261673.2,155278762.7,296061018.0,186546880.4
56,03_nature_based,自然共生偏重,470649963.6,191602268.7,404598992.3,296573687.7
56,04_agri_rnd,農業R&D偏重,453847270.6,203710104.1,407340251.2,263654978.0
56,05_relocation_capacity,移転・防災偏重,428030990.9,136492166.4,302153773.1,307101919.8
56,06_balanced,バランス型,394142861.0,141475927.8,303067451.7,255974257.5
56,07_late_response,後手対応,441106355.7,202314523.7,413136481.7,269285688.7
56,08_ecosystem_sacrifice,生態系犠牲型,322261673.2,155278762.7,296061018.0,186546880.4
56,09_flood_neglect,洪水軽視型,453847270.6,203710104.1,407340251.2,263654978.0
57,01_no_policy,放置,534710882.6,202633145.3,534710882.6,330874104.1
57,02_hard_infra,堤防偏重,320867559.1,154463460.7,320867559.1,204052653.1
57,03_nature_based,自然共生偏重,470161819.9,190590724.1,470161819.9,295247885.2
57,04_agri_rnd,農業R&D偏重,455093481.7,202633145.3,455093481.7,263102485.1
57,05_relocation_capacity,移転・防災偏重,425331391.6,133253217.2,425331391.6,307285796.6
57,06_balanced,バランス型,392856026.7,139039207.9,392856026.7,256166582.5
57,07_late_response,後手対応,439539426.2,198785819.6,439539426.2,286088853.6
57,08_ecosystem_sacrifice,生態系犠牲型,320867559.1,154463460.7,320867559.1,193319653.4
57,09_flood_neglect,洪水軽視型,455093481.7,202633145.3,455093481.7,263102485.1
58,01_no_policy,放置,532426874.3,201547295.9,532426874.3,369806644.1
58,02_hard_infra,堤防偏重,319462594.3,153641320.5,319462594.3,241252242.7
58,03_nature_based,自然共生偏重,469676554.0,189570802.1,469676554.0,332230392.3
58,04_agri_rnd,農業R&D偏重,456364290.1,201547295.9,456364290.1,293111685.0
58,05_relocation_capacity,移転・防災偏重,423323149.7,133215358.3,423323149.7,357111066.8
58,06_balanced,バランス型,391588732.2,138800247.8,391588732.2,300374019.6
58,07_late_response,後手対応,438013921.8,199563005.8,438013921.8,330327851.5
58,08_ecosystem_sacrifice,生態系犠牲型,319462594.3,153641320.5,319462594.3,236421382.4
58,09_flood_neglect,洪水軽視型,456364290.1,201547295.9,456364290.1,293111685.0
59,01_no_policy,放置,530124250.1,200452536.2,530124250.1,368537908.6
59,02_hard_infra,堤防偏重,318046744.8,152812326.1,318046744.8,241527423.8
59,03_nature_based,自然共生偏重,469194225.7,188542483.7,469194225.7,330722938.7
59,04_agri_rnd,農業R&D偏重,457659884.2,200452536.2,457659884.2,292464809.6
59,05_relocation_capacity,移転・防災偏重,420774248.8,132892688.5,420774248.8,355581867.1
59,06_balanced,バランス型,390265965.4,138549862.6,390265965.4,300632315.2
59,07_late_response,後手対応,436533717.4,200452536.2,436533717.4,332256079.9
59,08_ecosystem_sacrifice,生態系犠牲型,318046744.8,152812326.1,318046744.8,236988776.7
59,09_flood_neglect,洪水軽視型,457659884.2,200452536.2,457659884.2,292464809.6
60,01_no_policy,放置,527802948.7,199348847.3,527802948.7,367259254.4
60,02_hard_infra,堤防偏重,369415720.4,151976462.4,369415720.4,240611565.2
60,03_nature_based,自然共生偏重,468714894.9,187505751.1,468714894.9,329203372.3
60,04_agri_rnd,農業R&D偏重,458980451.8,199348847.3,458980451.8,294095563.1
60,05_relocation_capacity,移転・防災偏重,420556354.2,133211547.5,420556354.2,354341338.0
60,06_balanced,バランス型,389058046.7,138395299.7,389058046.7,301197118.7
60,07_late_response,後手対応,435102922.4,199348847.3,435102922.4,328045109.8
60,08_ecosystem_sacrifice,生態系犠牲型,369415720.4,151976462.4,369415720.4,236125005.6
60,09_flood_neglect,洪水軽視型,458980451.8,199348847.3,458980451.8,294095563.1
61,01_no_policy,放置,525462910.0,0.0,525462910.0,365970636.6
61,02_hard_infra,堤防偏重,367752423.0,0.0,367752423.0,240152855.1
61,03_nature_based,自然共生偏重,468238622.1,0.0,468238622.1,327671638.9
61,04_agri_rnd,農業R&D偏重,460326180.5,0.0,460326180.5,293337146.8
61,05_relocation_capacity,移転・防災偏重,418781730.6,0.0,418781730.6,352889862.5
61,06_balanced,バランス型,387826395.0,0.0,387826395.0,300382536.3
61,07_late_response,後手対応,433725892.9,0.0,433725892.9,326863660.6
61,08_ecosystem_sacrifice,生態系犠牲型,367752423.0,0.0,367752423.0,235858351.3
61,09_flood_neglect,洪水軽視型,460326180.5,0.0,460326180.5,293337146.8
62,01_no_policy,放置,523104075.2,0.0,523104075.2,364672011.1
62,02_hard_infra,堤防偏重,366076190.5,0.0,366076190.5,239786064.2
62,03_nature_based,自然共生偏重,467765468.1,0.0,467765468.1,326127685.3
62,04_agri_rnd,農業R&D偏重,461697257.1,0.0,461697257.1,290224844.4
62,05_relocation_capacity,移転・防災偏重,413483950.8,0.0,413483950.8,350922455.2
62,06_balanced,バランス型,386436906.8,0.0,386436906.8,297261106.2
62,07_late_response,後手対応,432407245.0,0.0,432407245.0,325675295.2
62,08_ecosystem_sacrifice,生態系犠牲型,366076190.5,0.0,366076190.5,235407106.7
62,09_flood_neglect,洪水軽視型,461697257.1,0.0,461697257.1,290224844.4
63,01_no_policy,放置,520726387.0,0.0,520726387.0,363363334.4
63,02_hard_infra,堤防偏重,364386985.6,0.0,364386985.6,239407775.0
63,03_nature_based,自然共生偏重,467295494.1,0.0,467295494.1,324571458.6
63,04_agri_rnd,農業R&D偏重,463093868.0,0.0,463093868.0,289635027.3
63,05_relocation_capacity,移転・防災偏重,410211442.4,0.0,410211442.4,349225638.0
63,06_balanced,バランス型,385046115.0,0.0,385046115.0,296528998.5
63,07_late_response,後手対応,491362570.8,0.0,491362570.8,324739132.1
63,08_ecosystem_sacrifice,生態系犠牲型,364386985.6,0.0,364386985.6,234964960.7
63,09_flood_neglect,洪水軽視型,463093868.0,0.0,463093868.0,289635027.3
64,01_no_policy,放置,518329789.3,231382241.9,518329789.3,362044563.3
64,02_hard_infra,堤防偏重,362684771.9,182691291.8,362684771.9,239507323.4
64,03_nature_based,自然共生偏重,466828761.6,219209504.4,466828761.6,323002906.8
64,04_agri_rnd,農業R&D偏重,464516199.1,231382241.9,464516199.1,289052496.9
64,05_relocation_capacity,移転・防災偏重,408129558.9,169306031.4,408129558.9,347669157.4
64,06_balanced,バランス型,383786172.2,169518384.0,383786172.2,296659455.3
64,07_late_response,後手対応,489630234.2,225407015.2,489630234.2,325705496.8
64,08_ecosystem_sacrifice,生態系犠牲型,362684771.9,182691291.8,362684771.9,235501150.5
64,09_flood_neglect,洪水軽視型,464516199.1,231382241.9,464516199.1,289052496.9
65,01_no_policy,放置,515914227.3,230128234.5,515914227.3,360715655.3
65,02_hard_infra,堤防偏重,360969514.0,181696893.1,360969514.0,238972414.7
65,03_nature_based,自然共生偏重,466365332.5,218020399.1,466365332.5,321421978.5
65,04_agri_rnd,農業R&D偏重,465964435.4,230128234.5,465964435.4,288477477.4
65,05_relocation_capacity,移転・防災偏重,404155115.1,167574125.6,404155115.1,345831956.5
65,06_balanced,バランス型,382330042.0,168757207.2,382330042.0,295862738.7
65,07_late_response,後手対応,487955061.9,225483822.0,487955061.9,324369237.9
65,08_ecosystem_sacrifice,生態系犠牲型,360969514.0,181696893.1,360969514.0,234777353.4
65,09_flood_neglect,洪水軽視型,465964435.4,230128234.5,465964435.4,288477477.4
66,01_no_policy,放置,513479647.7,228864714.1,513479647.7,359376568.5
66,02_hard_infra,堤防偏重,359241177.5,180695029.6,359241177.5,238589198.5
66,03_nature_based,自然共生偏重,465905269.0,216822293.0,465905269.0,319828623.0
66,04_agri_rnd,農業R&D偏重,467438761.7,228864714.1,467438761.7,287910196.1
66,05_relocation_capacity,移転・防災偏重,402009774.1,166873604.7,402009774.1,344228730.1
66,06_balanced,バランス型,381077163.7,168134814.9,381077163.7,295320792.9
66,07_late_response,後手対応,486342508.2,225655421.7,486342508.2,323024748.9
66,08_ecosystem_sacrifice,生態系犠牲型,359241177.5,180695029.6,359241177.5,234629506.6
66,09_flood_neglect,洪水軽視型,467438761.7,228864714.1,467438761.7,287910196.1
67,01_no_policy,放置,427666450.4,227591663.6,281042920.2,358027261.4
67,02_hard_infra,堤防偏重,329769420.1,179685688.2,204279785.3,237646024.5
67,03_nature_based,自然共生偏重,401366487.9,215615169.8,257202952.2,318222790.5
67,04_agri_rnd,農業R&D偏重,423793395.6,227591663.6,257897030.6,287350883.3
67,05_relocation_capacity,移転・防災偏重,342635143.2,166290963.6,239665635.3,342635143.2
67,06_balanced,バランス型,296867139.4,167545571.6,221330571.3,294005805.4
67,07_late_response,後手対応,410991563.6,225928245.4,271534906.0,319955906.4
67,08_ecosystem_sacrifice,生態系犠牲型,329769420.1,179685688.2,204279785.3,233642396.9
67,09_flood_neglect,洪水軽視型,423793395.6,227591663.6,257897030.6,287350883.3
68,01_no_policy,放置,425437374.5,425437374.5,265335784.5,356667693.4
68,02_hard_infra,堤防偏重,328055474.2,328055474.2,186480541.0,237106447.6
68,03_nature_based,自然共生偏重,401091899.4,401091899.4,236562223.4,316604431.7
68,04_agri_rnd,農業R&D偏重,425437374.5,425437374.5,232444585.4,286799772.4
68,05_relocation_capacity,移転・防災偏重,340825760.5,285884323.4,212252669.8,340825760.5
68,06_balanced,バランス型,296357178.1,296357178.1,196485034.6,293247788.5
68,07_late_response,後手対応,411663173.5,411663173.5,234313538.8,318702158.8
68,08_ecosystem_sacrifice,生態系犠牲型,328055474.2,328055474.2,186480541.0,233092720.5
68,09_flood_neglect,洪水軽視型,425437374.5,425437374.5,232444585.4,286799772.4
69,01_no_policy,放置,423190215.1,423190215.1,264140888.5,355297824.3
69,02_hard_infra,堤防偏重,326327532.3,326327532.3,185626946.1,236092450.3
69,03_nature_based,自然共生偏重,398974544.4,398974544.4,236319633.2,314973498.1
69,04_agri_rnd,農業R&D偏重,423190215.1,423190215.1,233133576.1,287605738.6
69,05_relocation_capacity,移転・防災偏重,339295503.4,284594314.4,211333038.2,339295503.4
69,06_balanced,バランス型,295448323.0,295448323.0,195761162.5,293060467.8
69,07_late_response,後手対応,412521873.2,412521873.2,249860539.2,316860452.3
69,08_ecosystem_sacrifice,生態系犠牲型,326327532.3,326327532.3,185626946.1,231831650.8
69,09_flood_neglect,洪水軽視型,423190215.1,423190215.1,233133576.1,287605738.6
70,01_no_policy,放置,420924931.6,420924931.6,262936505.5,353917614.6
70,02_hard_infra,堤防偏重,324585562.6,324585562.6,184766804.8,235575441.2
70,03_nature_based,自然共生偏重,396840089.4,396840089.4,236078655.6,313329942.0
70,04_agri_rnd,農業R&D偏重,420924931.6,420924931.6,233835439.2,286921681.5
70,05_relocation_capacity,移転・防災偏重,337639572.6,283976611.9,210153869.7,337639572.6
70,06_balanced,バランス型,294712141.8,294712141.8,195092288.4,292256979.8
70,07_late_response,後手対応,413579304.4,413579304.4,248913395.3,315635609.7
70,08_ecosystem_sacrifice,生態系犠牲型,324585562.6,324585562.6,184766804.8,231553273.4
70,09_flood_neglect,洪水軽視型,420924931.6,420924931.6,233835439.2,286921681.5
71,01_no_policy,放置,418641485.3,418641485.3,261722607.7,352527025.3
71,02_hard_infra,堤防偏重,322829534.5,322829534.5,183900099.0,235050346.4
71,03_nature_based,自然共生偏重,394688497.6,394688497.6,235839321.5,311673716.7
71,04_agri_rnd,農業R&D偏重,418641485.3,418641485.3,234550267.9,286246505.4
71,05_relocation_capacity,移転・防災偏重,335951184.8,283271709.6,208924282.0,335951184.8
71,06_balanced,バランス型,294005425.0,294005425.0,194420920.6,291448903.9
71,07_late_response,後手対応,414847686.4,414847686.4,247991853.9,314405015.4
71,08_ecosystem_sacrifice,生態系犠牲型,322829534.5,322829534.5,183900099.0,231261870.9
71,09_flood_neglect,洪水軽視型,418641485.3,418641485.3,234550267.9,286246505.4
72,01_no_policy,放置,416339838.7,416339838.7,260499167.8,313069148.0
72,02_hard_infra,堤防偏重,321059418.4,321059418.4,183026811.2,199316542.4
72,03_nature_based,自然共生偏重,392519733.6,392519733.6,235601662.1,275685021.6
72,04_agri_rnd,農業R&D偏重,416339838.7,416339838.7,235278155.3,255671299.5
72,05_relocation_capacity,移転・防災偏重,282296883.4,281733148.7,206617717.3,282296883.4
72,06_balanced,バランス型,293259678.9,293259678.9,193719156.5,247040635.8
72,07_late_response,後手対応,416339838.7,416339838.7,247098554.9,270514357.7
72,08_ecosystem_sacrifice,生態系犠牲型,321059418.4,321059418.4,183026811.2,194962796.3
72,09_flood_neglect,洪水軽視型,416339838.7,416339838.7,235278155.3,255671299.5
73,01_no_policy,放置,414019955.9,414019955.9,259266159.4,311805011.7
73,02_hard_infra,堤防偏重,319275186.3,319275186.3,182146924.3,201913698.3
73,03_nature_based,自然共生偏重,390333763.5,390333763.5,235365708.8,274329635.5
73,04_agri_rnd,農業R&D偏重,414019955.9,414019955.9,236019193.8,255768221.9
73,05_relocation_capacity,移転・防災偏重,280751865.6,280458394.1,206106209.6,280751865.6
73,06_balanced,バランス型,292554285.3,292554285.3,193017997.4,246536250.9
73,07_late_response,後手対応,414019955.9,414019955.9,259266159.4,278446525.0
73,08_ecosystem_sacrifice,生態系犠牲型,319275186.3,319275186.3,182146924.3,201913698.3
73,09_flood_neglect,洪水軽視型,414019955.9,414019955.9,236019193.8,255768221.9
74,01_no_policy,放置,411681802.5,0.0,258023556.6,310531021.2
74,02_hard_infra,堤防偏重,317476810.8,0.0,181260421.8,201052585.7
74,03_nature_based,自然共生偏重,389072604.5,0.0,235131493.1,272962918.6
74,04_agri_rnd,農業R&D偏重,411681802.5,0.0,236773475.9,255097215.3
74,05_relocation_capacity,移転・防災偏重,281275964.4,0.0,204639431.6,278968750.2
74,06_balanced,バランス型,292142180.0,0.0,192334215.9,245795792.0
74,07_late_response,後手対応,411681802.5,0.0,245408127.7,267788014.8
74,08_ecosystem_sacrifice,生態系犠牲型,317476810.8,0.0,181260421.8,201052585.7
74,09_flood_neglect,洪水軽視型,411681802.5,0.0,236773475.9,255097215.3
75,01_no_policy,放置,409325345.7,0.0,252758194.1,309247141.7
75,02_hard_infra,堤防偏重,315664266.0,0.0,173564580.0,200185344.3
75,03_nature_based,自然共生偏重,387783297.4,0.0,223940677.4,271584823.5
75,04_agri_rnd,農業R&D偏重,409325345.7,0.0,219799966.0,254434959.1
75,05_relocation_capacity,移転・防災偏重,281772227.3,0.0,191983838.6,277048851.4
75,06_balanced,バランス型,291745534.4,0.0,179945312.0,244998267.3
75,07_late_response,後手対応,409325345.7,0.0,204198482.2,266794213.8
75,08_ecosystem_sacrifice,生態系犠牲型,315664266.0,0.0,173564580.0,200185344.3
75,09_flood_neglect,洪水軽視型,409325345.7,0.0,219799966.0,254434959.1
76,01_no_policy,放置,406950554.4,0.0,251653757.5,307473232.4
76,02_hard_infra,堤防偏重,313837527.4,0.0,172798514.0,195573366.9
76,03_nature_based,自然共生偏重,386465688.5,0.0,223728212.9,270195303.3
76,04_agri_rnd,農業R&D偏重,406950554.4,0.0,220458591.4,250382899.1
76,05_relocation_capacity,移転・防災偏重,281634279.7,0.0,190057540.9,272996983.2
76,06_balanced,バランス型,291331367.0,0.0,179293090.1,237074791.0
76,07_late_response,後手対応,406950554.4,0.0,203635289.3,261038869.6
76,08_ecosystem_sacrifice,生態系犠牲型,313837527.4,0.0,172798514.0,195573366.9
76,09_flood_neglect,洪水軽視型,406950554.4,0.0,220458591.4,250382899.1
77,01_no_policy,放置,404557398.9,266607725.5,250540179.6,306301977.2
77,02_hard_infra,堤防偏重,311996571.5,217916775.3,172026237.2,194796431.9
77,03_nature_based,自然共生偏重,385119625.2,254434987.9,223517213.1,268794311.7
77,04_agri_rnd,農業R&D偏重,404557398.9,266607725.5,221129444.7,249740760.0
77,05_relocation_capacity,移転・防災偏重,283464368.8,222581259.3,189087958.5,271205903.9
77,06_balanced,バランス型,291209685.9,212665906.9,178745059.9,236398131.6
77,07_late_response,後手対応,404557398.9,262477258.4,233890668.2,270117163.3
77,08_ecosystem_sacrifice,生態系犠牲型,311996571.5,217916775.3,172026237.2,194796431.9
77,09_flood_neglect,洪水軽視型,404557398.9,266607725.5,221129444.7,249740760.0
78,01_no_policy,放置,402145851.3,265107549.6,0.0,305121240.9
78,02_hard_infra,堤防偏重,310141375.9,216676208.2,0.0,194013694.3
78,03_nature_based,自然共生偏重,383744956.2,252999714.2,0.0,267381803.2
78,04_agri_rnd,農業R&D偏重,402145851.3,265107549.6,0.0,249106571.7
78,05_relocation_capacity,移転・防災偏重,284718837.8,220849247.5,0.0,269241395.3
78,06_balanced,バランス型,291084474.7,211512068.0,0.0,235688084.5
78,07_late_response,後手対応,402145851.3,261873907.0,0.0,268475592.4
78,08_ecosystem_sacrifice,生態系犠牲型,310141375.9,216676208.2,0.0,194013694.3
78,09_flood_neglect,洪水軽視型,402145851.3,265107549.6,0.0,249106571.7
79,01_no_policy,放置,399715885.2,263597009.5,0.0,303930986.4
79,02_hard_infra,堤防偏重,353993902.5,215427325.0,0.0,193225133.7
79,03_nature_based,自然共生偏重,382341531.8,251554588.4,0.0,265957733.0
79,04_agri_rnd,農業R&D偏重,399715885.2,263597009.5,0.0,247969750.2
79,05_relocation_capacity,移転・防災偏重,286013296.2,218932533.7,0.0,266807492.3
79,06_balanced,バランス型,340954850.0,210365415.0,0.0,234517210.0
79,07_late_response,後手対応,399715885.2,261346395.4,0.0,266787379.8
79,08_ecosystem_sacrifice,生態系犠牲型,353993902.5,215427325.0,0.0,193225133.7
79,09_flood_neglect,洪水軽視型,399715885.2,263597009.5,0.0,247969750.2
80,01_no_policy,放置,397267475.9,262076092.7,302678242.8,302731176.9
80,02_hard_infra,堤防偏重,351827829.8,214170117.3,195756581.1,192430729.8
80,03_nature_based,自然共生偏重,380909203.3,250099598.8,267773963.6,264522056.9
80,04_agri_rnd,農業R&D偏重,397267475.9,262076092.7,257610046.6,247481044.1
80,05_relocation_capacity,移転・防災偏重,287831396.8,217380313.5,266841350.9,265489588.9
80,06_balanced,バランス型,340430404.2,209255198.8,240312537.4,233918166.9
80,07_late_response,後手対応,397267475.9,260901094.5,261910962.9,265049919.4
80,08_ecosystem_sacrifice,生態系犠牲型,351827829.8,214170117.3,195756581.1,192430729.8
80,09_flood_neglect,洪水軽視型,397267475.9,262076092.7,257610046.6,247481044.1
81,01_no_policy,放置,394800600.5,260544787.3,301334338.7,301521776.4
81,02_hard_infra,堤防偏重,349645374.8,212904577.2,194852198.7,191630463.0
81,03_nature_based,自然共生偏重,379447823.8,248634734.8,267450489.9,263074731.4
81,04_agri_rnd,農業R&D偏重,394800600.5,260544787.3,258285669.3,246793512.3
81,05_relocation_capacity,移転・防災偏重,290497877.2,216128262.0,264860058.3,263515614.5
81,06_balanced,バランス型,340081091.0,208207366.0,239409948.0,233113391.3
81,07_late_response,後手対応,394800600.5,260544787.3,260764037.5,263260435.1
81,08_ecosystem_sacrifice,生態系犠牲型,349645374.8,212904577.2,194852198.7,191630463.0
81,09_flood_neglect,洪水軽視型,394800600.5,260544787.3,258285669.3,246793512.3
82,01_no_policy,放置,392315237.8,259003082.7,299980321.8,300302749.4
82,02_hard_infra,堤防偏重,347446518.4,211630697.9,193941569.2,190824313.9
82,03_nature_based,自然共生偏重,377957247.6,247159986.5,267128770.1,261615714.0
82,04_agri_rnd,農業R&D偏重,392315237.8,259003082.7,258975059.8,246582618.1
82,05_relocation_capacity,移転・防災偏重,293501490.7,215101321.4,264323301.1,262778394.8
82,06_balanced,バランス型,339855059.4,207197536.9,238518021.7,232820073.3
82,07_late_response,後手対応,392315237.8,259003082.7,259630743.5,261415969.8
82,08_ecosystem_sacrifice,生態系犠牲型,347446518.4,211630697.9,193941569.2,190824313.9
82,09_flood_neglect,洪水軽視型,392315237.8,259003082.7,258975059.8,246582618.1
83,01_no_policy,放置,389811368.2,230250273.5,298616162.9,299074061.1
83,02_hard_infra,堤防偏重,345231243.0,182610063.4,219422548.8,190012263.7
83,03_nature_based,自然共生偏重,376437330.6,218340221.0,266808837.3,260144962.5
83,04_agri_rnd,農業R&D偏重,389811368.2,230250273.5,259678317.0,246064995.4
83,05_relocation_capacity,移転・防災偏重,295386063.6,172070864.3,262507306.0,260965476.5
83,06_balanced,バランス型,339595420.5,171654294.1,237558947.1,232170839.2
83,07_late_response,後手対応,389811368.2,230250273.5,258512958.2,259513374.2
83,08_ecosystem_sacrifice,生態系犠牲型,345231243.0,182610063.4,219422548.8,190012263.7
83,09_flood_neglect,洪水軽視型,389811368.2,230250273.5,259678317.0,246064995.4
84,01_no_policy,放置,387288973.9,228929387.2,297241833.7,246742946.3
84,02_hard_infra,堤防偏重,342999532.5,181557002.4,218386590.2,137681148.9
84,03_nature_based,自然共生偏重,374887930.3,217086291.0,266490725.1,212451534.3
84,04_agri_rnd,農業R&D偏重,387288973.9,228929387.2,260395539.6,203009253.7
84,05_relocation_capacity,移転・防災偏重,297418071.6,170891250.1,261209097.9,176862641.5
84,06_balanced,バランス型,339449219.9,170992706.2,236594083.2,166609459.6
84,07_late_response,後手対応,387288973.9,228929387.2,270956752.6,212901324.9
84,08_ecosystem_sacrifice,生態系犠牲型,342999532.5,181557002.4,218386590.2,137681148.9
84,09_flood_neglect,洪水軽視型,387288973.9,228929387.2,260395539.6,203009253.7
85,01_no_policy,放置,384748039.1,0.0,295857306.5,0.0
85,02_hard_infra,堤防偏重,340751372.5,0.0,217343364.1,0.0
85,03_nature_based,自然共生偏重,373308905.8,0.0,266174467.3,0.0
85,04_agri_rnd,農業R&D偏重,384748039.1,0.0,261126826.2,0.0
85,05_relocation_capacity,移転・防災偏重,300600846.8,0.0,259273938.8,0.0
85,06_balanced,バランス型,339534222.8,0.0,235686461.9,0.0
85,07_late_response,後手対応,384748039.1,0.0,256332094.1,0.0
85,08_ecosystem_sacrifice,生態系犠牲型,340751372.5,0.0,217343364.1,0.0
85,09_flood_neglect,洪水軽視型,384748039.1,0.0,261126826.2,0.0
86,01_no_policy,放置,382188549.4,0.0,294462554.5,0.0
86,02_hard_infra,堤防偏重,338486750.1,0.0,216292853.8,0.0
86,03_nature_based,自然共生偏重,371700117.5,0.0,265860097.7,0.0
86,04_agri_rnd,農業R&D偏重,382188549.4,0.0,261872274.5,0.0
86,05_relocation_capacity,移転・防災偏重,303868919.0,0.0,257868330.0,0.0
86,06_balanced,バランス型,339737858.8,0.0,234777063.7,0.0
86,07_late_response,後手対応,382188549.4,0.0,285138247.7,0.0
86,08_ecosystem_sacrifice,生態系犠牲型,338486750.1,0.0,216292853.8,0.0
86,09_flood_neglect,洪水軽視型,382188549.4,0.0,261872274.5,0.0
87,01_no_policy,放置,379610492.5,0.0,293057551.5,0.0
87,02_hard_infra,堤防偏重,336205654.0,0.0,215235042.9,0.0
87,03_nature_based,自然共生偏重,370061428.0,0.0,265547650.5,0.0
87,04_agri_rnd,農業R&D偏重,379610492.5,0.0,262631982.1,0.0
87,05_relocation_capacity,移転・防災偏重,306971593.8,0.0,256296050.0,0.0
87,06_balanced,バランス型,340038694.9,0.0,233846776.5,0.0
87,07_late_response,後手対応,379610492.5,0.0,283878645.2,0.0
87,08_ecosystem_sacrifice,生態系犠牲型,336205654.0,0.0,215235042.9,0.0
87,09_flood_neglect,洪水軽視型,379610492.5,0.0,262631982.1,0.0
88,01_no_policy,放置,377013857.9,0.0,292784523.0,300507002.3
88,02_hard_infra,堤防偏重,333908074.5,0.0,214169915.8,154632988.1
88,03_nature_based,自然共生偏重,368392701.3,0.0,265237159.9,267415640.1
88,04_agri_rnd,農業R&D偏重,377013857.9,0.0,263406046.3,239577008.9
88,05_relocation_capacity,移転・防災偏重,310147144.1,0.0,254660614.6,258971591.2
88,06_balanced,バランス型,340470023.8,0.0,232909042.3,217752465.8
88,07_late_response,後手対応,377013857.9,0.0,282635620.0,236008310.8
88,08_ecosystem_sacrifice,生態系犠牲型,333908074.5,0.0,214169915.8,154632988.1
88,09_flood_neglect,洪水軽視型,377013857.9,0.0,263406046.3,239577008.9
89,01_no_policy,放置,374398637.0,0.0,291497169.9,307993372.4
89,02_hard_infra,堤防偏重,374398637.0,0.0,213097457.6,162119358.2
89,03_nature_based,自然共生偏重,366693803.0,0.0,264928660.3,274417512.2
89,04_agri_rnd,農業R&D偏重,374398637.0,0.0,264194563.6,245471641.7
89,05_relocation_capacity,移転・防災偏重,313370966.7,0.0,252919336.5,271334410.9
89,06_balanced,バランス型,341036116.0,0.0,231958855.9,227144839.7
89,07_late_response,後手対応,374398637.0,0.0,281411517.6,243947779.1
89,08_ecosystem_sacrifice,生態系犠牲型,374398637.0,0.0,213097457.6,162119358.2
89,09_flood_neglect,洪水軽視型,374398637.0,0.0,264194563.6,245471641.7
90,01_no_policy,放置,371764822.9,0.0,290199929.5,307004503.6
90,02_hard_infra,堤防偏重,371764822.9,0.0,212017653.8,161565613.7
90,03_nature_based,自然共生偏重,364964600.9,0.0,264622186.4,273234655.3
90,04_agri_rnd,農業R&D偏重,371764822.9,0.0,264997630.4,244916871.9
90,05_relocation_capacity,移転・防災偏重,316922333.3,0.0,251249926.9,270003813.1
90,06_balanced,バランス型,341775328.7,0.0,231019528.1,226932014.6
90,07_late_response,後手対応,371764822.9,0.0,280208863.1,242781414.1
90,08_ecosystem_sacrifice,生態系犠牲型,371764822.9,0.0,212017653.8,161565613.7
90,09_flood_neglect,洪水軽視型,371764822.9,0.0,264997630.4,244916871.9
91,01_no_policy,放置,369112410.8,0.0,288892772.1,306006964.2
91,02_hard_infra,堤防偏重,369112410.8,0.0,183301286.7,161007506.2
91,03_nature_based,自然共生偏重,363204964.3,0.0,257719383.8,272041279.1
91,04_agri_rnd,農業R&D偏重,369112410.8,0.0,251222800.9,242285574.2
91,05_relocation_capacity,移転・防災偏重,320838523.2,0.0,248011124.3,268328839.5
91,06_balanced,バランス型,342699347.0,0.0,225368793.0,224334112.2
91,07_late_response,後手対応,369112410.8,0.0,247073991.1,241586347.1
91,08_ecosystem_sacrifice,生態系犠牲型,369112410.8,0.0,183301286.7,161007506.2
91,09_flood_neglect,洪水軽視型,369112410.8,0.0,251222800.9,242285574.2
92,01_no_policy,放置,366441397.6,0.0,287575669.0,305000711.0
92,02_hard_infra,堤防偏重,366441397.6,0.0,208720425.5,160445015.7
92,03_nature_based,自然共生偏重,361414764.6,0.0,257423672.5,270837331.4
92,04_agri_rnd,農業R&D偏重,366441397.6,0.0,251927599.1,241859115.8
92,05_relocation_capacity,移転・防災偏重,324836285.7,0.0,246488371.0,266970996.3
92,06_balanced,バランス型,343784487.6,0.0,224501993.5,223916168.7
92,07_late_response,後手対応,366441397.6,0.0,246076226.0,240361206.5
92,08_ecosystem_sacrifice,生態系犠牲型,366441397.6,0.0,208720425.5,160445015.7
92,09_flood_neglect,洪水軽視型,366441397.6,0.0,251927599.1,241859115.8
93,01_no_policy,放置,363751782.5,0.0,286248591.9,303985701.1
93,02_hard_infra,堤防偏重,363751782.5,0.0,207734649.5,159878122.6
93,03_nature_based,自然共生偏重,359593874.9,0.0,257129732.8,269622760.4
93,04_agri_rnd,農業R&D偏重,363751782.5,0.0,252646071.8,241438929.5
93,05_relocation_capacity,移転・防災偏重,329525196.3,0.0,245571623.3,266205773.0
93,06_balanced,バランス型,345106664.8,0.0,223708322.1,223576036.6
93,07_late_response,後手対応,363751782.5,0.0,275466869.5,239104540.4
93,08_ecosystem_sacrifice,生態系犠牲型,363751782.5,0.0,207734649.5,159878122.6
93,09_flood_neglect,洪水軽視型,363751782.5,0.0,252646071.8,241438929.5
94,01_no_policy,放置,361043566.3,0.0,284911513.5,302961891.9
94,02_hard_infra,堤防偏重,361043566.3,0.0,206741812.8,159306807.7
94,03_nature_based,自然共生偏重,357742170.4,0.0,256837597.8,263609977.8
94,04_agri_rnd,農業R&D偏重,361043566.3,0.0,253378315.6,239499005.0
94,05_relocation_capacity,移転・防災偏重,333842069.8,0.0,243235967.7,264093727.0
94,06_balanced,バランス型,346556058.7,0.0,222818469.0,221381165.8
94,07_late_response,後手対応,361043566.3,0.0,274284443.9,237814811.9
94,08_ecosystem_sacrifice,生態系犠牲型,361043566.3,0.0,206741812.8,159306807.7
94,09_flood_neglect,洪水軽視型,361043566.3,0.0,253378315.6,239499005.0
95,01_no_policy,放置,358316751.9,0.0,283564407.3,301929241.5
95,02_hard_infra,堤防偏重,358316751.9,0.0,205741898.6,158731051.7
95,03_nature_based,自然共生偏重,355859528.4,0.0,256547300.8,262644535.4
95,04_agri_rnd,農業R&D偏重,358316751.9,0.0,254124426.9,239196922.6
95,05_relocation_capacity,移転・防災偏重,338343024.4,0.0,241188224.8,262155615.1
95,06_balanced,バランス型,348203235.2,0.0,221888562.9,220991549.4
95,07_late_response,後手対応,358316751.9,0.0,273119718.6,236490394.3
95,08_ecosystem_sacrifice,生態系犠牲型,358316751.9,0.0,205741898.6,158731051.7
95,09_flood_neglect,洪水軽視型,358316751.9,0.0,254124426.9,239196922.6
96,01_no_policy,放置,355571344.3,0.0,282207247.2,300887708.2
96,02_hard_infra,堤防偏重,355571344.3,0.0,204734890.6,158150835.9
96,03_nature_based,自然共生偏重,353945828.0,0.0,256258874.9,261674602.8
96,04_agri_rnd,農業R&D偏重,355571344.3,0.0,254884501.4,238901411.5
96,05_relocation_capacity,移転・防災偏重,343375898.6,0.0,239436892.5,260498486.0
96,06_balanced,バランス型,350095869.1,0.0,220994869.4,220639778.4
96,07_late_response,後手対応,355571344.3,0.0,271975030.2,235129565.7
96,08_ecosystem_sacrifice,生態系犠牲型,355571344.3,0.0,204734890.6,158150835.9
96,09_flood_neglect,洪水軽視型,355571344.3,0.0,254884501.4,238901411.5
97,01_no_policy,放置,352807350.5,0.0,280840008.3,299837250.8
97,02_hard_infra,堤防偏重,352807350.5,0.0,203720773.2,157566141.7
97,03_nature_based,自然共生偏重,352000950.5,0.0,255972353.7,260700276.0
97,04_agri_rnd,農業R&D偏重,352807350.5,0.0,255658634.8,238612640.2
97,05_relocation_capacity,移転・防災偏重,348799693.7,0.0,237748536.5,258891470.0
97,06_balanced,バランス型,352227595.2,0.0,220110411.9,220295986.7
97,07_late_response,後手対応,352807350.5,0.0,270852887.8,233730504.1
97,08_ecosystem_sacrifice,生態系犠牲型,352807350.5,0.0,203720773.2,157566141.7
97,09_flood_neglect,洪水軽視型,352807350.5,0.0,255658634.8,238612640.2
98,01_no_policy,放置,298777828.5,0.0,279462666.2,298777828.5
98,02_hard_infra,堤防偏重,232916718.1,0.0,202699531.4,156976950.6
98,03_nature_based,自然共生偏重,262247526.4,0.0,255687770.9,257706325.8
98,04_agri_rnd,農業R&D偏重,271957328.7,0.0,256446921.9,236215037.1
98,05_relocation_capacity,移転・防災偏重,255920689.5,0.0,234882975.0,255920689.5
98,06_balanced,バランス型,223572586.7,0.0,219206925.0,217490266.4
98,07_late_response,後手対応,271732319.7,0.0,269755984.1,232291281.0
98,08_ecosystem_sacrifice,生態系犠牲型,232916718.1,0.0,202699531.4,156976950.6
98,09_flood_neglect,洪水軽視型,271957328.7,0.0,256446921.9,236215037.1
99,01_no_policy,放置,297709401.0,0.0,231529522.9,297709401.0
99,02_hard_infra,堤防偏重,231197588.2,0.0,154766388.1,156383244.5
99,03_nature_based,自然共生偏重,261960867.8,0.0,209728445.8,256906531.0
99,04_agri_rnd,農業R&D偏重,272895586.7,0.0,212461414.9,236136762.4
99,05_relocation_capacity,移転・防災偏重,254541569.7,0.0,158982000.7,254541569.7
99,06_balanced,バランス型,222699251.0,0.0,160073887.0,217373552.7
99,07_late_response,後手対応,270872545.8,0.0,215047421.8,230866119.5
99,08_ecosystem_sacrifice,生態系犠牲型,231197588.2,0.0,154766388.1,156383244.5
99,09_flood_neglect,洪水軽視型,272895586.7,0.0,212461414.9,236136762.4
