seed,scenario,label,severe_flood_count,major_flood_count,flood_notice_count,severe_flood_years,major_flood_years,crop_low_year,ecosystem_low_year,ecosystem_critical_year,resident_capacity_low_t2,high_risk_houses_t2,max_flood_damage_jpy,max_flood_2050_2055,max_flood_2065_2075,max_flood_2080_2100,final_available_budget_mana,final_crop_yield,final_ecosystem_level,final_risky_houses,final_resident_capacity,rain_events
1,01_no_policy,放置,1,1,4,2055,2086,2063,2095,,2075,2075,341732441.3,341732441.3,253192169.7,328909486.7,3.221,4653.0,71.64,8596.4,0.0,"[[2029, 173.6057433507017], [2051, 174.34458875078937], [2055, 280.7358987310297], [2058, 151.0991904587833], [2073, 191.0185953150598], [2080, 162.51882216877968], [2086, 235.9771334325532], [2093, 203.04512487010444], [2095, 187.79751863138503], [2096, 205.23958641399665]]"
1,02_hard_infra,堤防偏重,0,0,1,,,2063,2069,,,,293041491.2,293041491.2,147153417.1,189527555.1,3.774,4653.0,68.64,8596.4,0.0,"[[2029, 173.6057433507017], [2051, 174.34458875078937], [2055, 280.7358987310297], [2058, 151.0991904587833], [2073, 191.0185953150598], [2080, 162.51882216877968], [2086, 235.9771334325532], [2093, 203.04512487010444], [2095, 187.79751863138503], [2096, 205.23958641399665]]"
1,03_nature_based,自然共生偏重,0,1,2,,2055,2052,,,2075,2075,329559703.8,329559703.8,223538428.5,285793669.0,3.358,4606.4,73.77,8596.4,0.0,"[[2029, 173.6057433507017], [2051, 174.34458875078937], [2055, 280.7358987310297], [2058, 151.0991904587833], [2073, 191.0185953150598], [2080, 162.51882216877968], [2086, 235.9771334325532], [2093, 203.04512487010444], [2095, 187.79751863138503], [2096, 205.23958641399665]]"
1,04_agri_rnd,農業R&D偏重,1,0,1,2055,,,,,2075,2075,341732441.3,341732441.3,218582528.6,264318472.4,3.3,5000.0,76.58,8596.4,0.0,"[[2029, 173.6057433507017], [2051, 174.34458875078937], [2055, 280.7358987310297], [2058, 151.0991904587833], [2073, 191.0185953150598], [2080, 162.51882216877968], [2086, 235.9771334325532], [2093, 203.04512487010444], [2095, 187.79751863138503], [2096, 205.23958641399665]]"
1,05_relocation_capacity,移転・防災偏重,0,1,1,,2055,2063,2095,,,,324971089.1,324971089.1,181183333.7,299640163.5,0.371,4653.0,71.64,1391.1,0.391,"[[2029, 173.6057433507017], [2051, 174.34458875078937], [2055, 280.7358987310297], [2058, 151.0991904587833], [2073, 191.0185953150598], [2080, 162.51882216877968], [2086, 235.9771334325532], [2093, 203.04512487010444], [2095, 187.79751863138503], [2096, 205.23958641399665]]"
1,06_balanced,バランス型,0,1,1,,2055,,,,,,303959220.5,303959220.5,179091180.7,260381039.5,3.708,4958.3,72.5,8083.6,0.391,"[[2029, 173.6057433507017], [2051, 174.34458875078937], [2055, 280.7358987310297], [2058, 151.0991904587833], [2073, 191.0185953150598], [2080, 162.51882216877968], [2086, 235.9771334325532], [2093, 203.04512487010444], [2095, 187.79751863138503], [2096, 205.23958641399665]]"
1,07_late_response,後手対応,1,0,1,2055,,2091,2086,,,2075,340325700.3,340325700.3,204008185.7,287026106.9,3.348,4917.5,71.04,8596.4,0.369,"[[2029, 173.6057433507017], [2051, 174.34458875078937], [2055, 280.7358987310297], [2058, 151.0991904587833], [2073, 191.0185953150598], [2080, 162.51882216877968], [2086, 235.9771334325532], [2093, 203.04512487010444], [2095, 187.79751863138503], [2096, 205.23958641399665]]"
1,08_ecosystem_sacrifice,生態系犠牲型,0,0,1,,,2063,2069,,,,293041491.2,293041491.2,147153417.1,189527555.1,3.774,4653.0,68.64,8596.4,0.0,"[[2029, 173.6057433507017], [2051, 174.34458875078937], [2055, 280.7358987310297], [2058, 151.0991904587833], [2073, 191.0185953150598], [2080, 162.51882216877968], [2086, 235.9771334325532], [2093, 203.04512487010444], [2095, 187.79751863138503], [2096, 205.23958641399665]]"
1,09_flood_neglect,洪水軽視型,1,0,1,2055,,,,,2075,2075,341732441.3,341732441.3,218582528.6,264318472.4,3.3,5000.0,76.58,8596.4,0.0,"[[2029, 173.6057433507017], [2051, 174.34458875078937], [2055, 280.7358987310297], [2058, 151.0991904587833], [2073, 191.0185953150598], [2080, 162.51882216877968], [2086, 235.9771334325532], [2093, 203.04512487010444], [2095, 187.79751863138503], [2096, 205.23958641399665]]"
2,01_no_policy,放置,1,1,4,2054,2085,2062,2095,,2075,2075,339707266.6,339707266.6,252100698.8,327612381.1,3.645,4488.0,71.64,8640.0,0.0,"[[2028, 173.61687485941718], [2050, 174.35407087743476], [2054, 280.5681254045683], [2057, 151.1470847927768], [2072, 191.00077822861826], [2079, 162.54677288710278], [2085, 235.88848186376862], [2092, 203.00902823235757], [2094, 187.78534316173977], [2095, 205.20023739286123]]"
2,02_hard_infra,堤防偏重,0,0,1,,,2062,2070,,,,291275925.2,291275925.2,146509213.3,188727947.9,4.1,4488.0,68.64,8640.0,0.0,"[[2028, 173.61687485941718], [2050, 174.35407087743476], [2054, 280.5681254045683], [2057, 151.1470847927768], [2072, 191.00077822861826], [2079, 162.54677288710278], [2085, 235.88848186376862], [2092, 203.00902823235757], [2094, 187.78534316173977], [2095, 205.20023739286123]]"
2,03_nature_based,自然共生偏重,0,1,2,,2054,2051,,,2075,2075,327599431.3,327599431.3,223326048.8,285450217.9,3.754,4443.1,73.63,8640.0,0.0,"[[2028, 173.61687485941718], [2050, 174.35407087743476], [2054, 280.5681254045683], [2057, 151.1470847927768], [2072, 191.00077822861826], [2079, 162.54677288710278], [2085, 235.88848186376862], [2092, 203.00902823235757], [2094, 187.78534316173977], [2095, 205.20023739286123]]"
2,04_agri_rnd,農業R&D偏重,1,0,1,2054,,,,,2075,2075,339707266.6,339707266.6,219228204.3,264918259.0,3.717,4928.0,76.43,8640.0,0.0,"[[2028, 173.61687485941718], [2050, 174.35407087743476], [2054, 280.5681254045683], [2057, 151.1470847927768], [2072, 191.00077822861826], [2079, 162.54677288710278], [2085, 235.88848186376862], [2092, 203.00902823235757], [2094, 187.78534316173977], [2095, 205.20023739286123]]"
2,05_relocation_capacity,移転・防災偏重,0,1,1,,2054,2062,2095,,,,322888429.0,322888429.0,181519560.9,297680205.1,0.408,4488.0,71.64,935.3,0.391,"[[2028, 173.61687485941718], [2050, 174.35407087743476], [2054, 280.5681254045683], [2057, 151.1470847927768], [2072, 191.00077822861826], [2079, 162.54677288710278], [2085, 235.88848186376862], [2092, 203.00902823235757], [2094, 187.78534316173977], [2095, 205.20023739286123]]"
2,06_balanced,バランス型,0,1,1,,2054,,,,,,302124791.2,302124791.2,178567268.0,260712756.2,4.003,4807.6,72.39,8127.2,0.391,"[[2028, 173.61687485941718], [2050, 174.35407087743476], [2054, 280.5681254045683], [2057, 151.1470847927768], [2072, 191.00077822861826], [2079, 162.54677288710278], [2085, 235.88848186376862], [2092, 203.00902823235757], [2094, 187.78534316173977], [2095, 205.20023739286123]]"
2,07_late_response,後手対応,1,0,1,2054,,2063,2086,,,2075,338590159.5,338590159.5,203422326.0,293305618.8,3.767,4608.0,70.44,8640.0,0.08,"[[2028, 173.61687485941718], [2050, 174.35407087743476], [2054, 280.5681254045683], [2057, 151.1470847927768], [2072, 191.00077822861826], [2079, 162.54677288710278], [2085, 235.88848186376862], [2092, 203.00902823235757], [2094, 187.78534316173977], [2095, 205.20023739286123]]"
2,08_ecosystem_sacrifice,生態系犠牲型,0,0,1,,,2062,2070,,,,291275925.2,291275925.2,146509213.3,188727947.9,4.1,4488.0,68.64,8640.0,0.0,"[[2028, 173.61687485941718], [2050, 174.35407087743476], [2054, 280.5681254045683], [2057, 151.1470847927768], [2072, 191.00077822861826], [2079, 162.54677288710278], [2085, 235.88848186376862], [2092, 203.00902823235757], [2094, 187.78534316173977], [2095, 205.20023739286123]]"
2,09_flood_neglect,洪水軽視型,1,0,1,2054,,,,,2075,2075,339707266.6,339707266.6,219228204.3,264918259.0,3.717,4928.0,76.43,8640.0,0.0,"[[2028, 173.61687485941718], [2050, 174.35407087743476], [2054, 280.5681254045683], [2057, 151.1470847927768], [2072, 191.00077822861826], [2079, 162.54677288710278], [2085, 235.88848186376862], [2092, 203.00902823235757], [2094, 187.78534316173977], [2095, 205.20023739286123]]"
4,01_no_policy,放置,1,2,3,2052,"2083,2100",2061,2095,,2075,2075,335620375.8,335620375.8,249890438.6,324988105.0,3.661,1387.7,71.64,8747.3,0.0,"[[2026, 173.63913787684822], [2048, 174.37303513072553], [2052, 280.2325787516455], [2055, 151.2428734607638], [2070, 190.96514405573518], [2077, 162.60267432374897], [2083, 235.71117872619942], [2090, 202.93683495686383], [2092, 187.76099222244926], [2093, 205.1215393505904], [2100, 218.13754734502413]]"
4,02_hard_infra,堤防偏重,0,0,1,,,2061,2069,,,,287714400.3,287714400.3,145205182.1,214687657.9,4.063,2846.5,68.64,8747.3,0.0,"[[2026, 173.63913787684822], [2048, 174.37303513072553], [2052, 280.2325787516455], [2055, 151.2428734607638], [2070, 190.96514405573518], [2077, 162.60267432374897], [2083, 235.71117872619942], [2090, 202.93683495686383], [2092, 187.76099222244926], [2093, 205.1215393505904], [2100, 218.13754734502413]]"
4,03_nature_based,自然共生偏重,0,1,3,,2052,2060,,,2075,2075,323643881.9,323643881.9,222905608.5,283325937.5,3.763,1771.5,73.63,8747.3,0.0,"[[2026, 173.63913787684822], [2048, 174.37303513072553], [2052, 280.2325787516455], [2055, 151.2428734607638], [2070, 190.96514405573518], [2077, 162.60267432374897], [2083, 235.71117872619942], [2090, 202.93683495686383], [2092, 187.76099222244926], [2093, 205.1215393505904], [2100, 218.13754734502413]]"
4,04_agri_rnd,農業R&D偏重,1,0,1,2052,,,,,2075,2075,335620375.8,335620375.8,220555976.4,264560557.4,3.719,2535.2,76.44,8747.3,0.0,"[[2026, 173.63913787684822], [2048, 174.37303513072553], [2052, 280.2325787516455], [2055, 151.2428734607638], [2070, 190.96514405573518], [2077, 162.60267432374897], [2083, 235.71117872619942], [2090, 202.93683495686383], [2092, 187.76099222244926], [2093, 205.1215393505904], [2100, 218.13754734502413]]"
4,05_relocation_capacity,移転・防災偏重,0,1,2,,2052,2061,2095,,,,318382167.0,318382167.0,179538292.9,294116422.3,0.419,1728.8,71.64,1041.7,0.391,"[[2026, 173.63913787684822], [2048, 174.37303513072553], [2052, 280.2325787516455], [2055, 151.2428734607638], [2070, 190.96514405573518], [2077, 162.60267432374897], [2083, 235.71117872619942], [2090, 202.93683495686383], [2092, 187.76099222244926], [2093, 205.1215393505904], [2100, 218.13754734502413]]"
4,06_balanced,バランス型,0,0,2,,,,,,,,298409499.1,298409499.1,177440719.5,260080224.8,4.013,2565.2,72.39,8234.5,0.391,"[[2026, 173.63913787684822], [2048, 174.37303513072553], [2052, 280.2325787516455], [2055, 151.2428734607638], [2070, 190.96514405573518], [2077, 162.60267432374897], [2083, 235.71117872619942], [2090, 202.93683495686383], [2092, 187.76099222244926], [2093, 205.1215393505904], [2100, 218.13754734502413]]"
4,07_late_response,後手対応,1,0,2,2052,,2086,2086,,,2075,335202560.8,335202560.8,202346396.3,289924294.4,3.773,2142.1,70.44,8747.3,0.08,"[[2026, 173.63913787684822], [2048, 174.37303513072553], [2052, 280.2325787516455], [2055, 151.2428734607638], [2070, 190.96514405573518], [2077, 162.60267432374897], [2083, 235.71117872619942], [2090, 202.93683495686383], [2092, 187.76099222244926], [2093, 205.1215393505904], [2100, 218.13754734502413]]"
4,08_ecosystem_sacrifice,生態系犠牲型,0,0,1,,,2061,2069,,,,287714400.3,287714400.3,145205182.1,214687657.9,4.063,2846.5,68.64,8747.3,0.0,"[[2026, 173.63913787684822], [2048, 174.37303513072553], [2052, 280.2325787516455], [2055, 151.2428734607638], [2070, 190.96514405573518], [2077, 162.60267432374897], [2083, 235.71117872619942], [2090, 202.93683495686383], [2092, 187.76099222244926], [2093, 205.1215393505904], [2100, 218.13754734502413]]"
4,09_flood_neglect,洪水軽視型,1,0,1,2052,,,,,2075,2075,335620375.8,335620375.8,220555976.4,264560557.4,3.719,2535.2,76.44,8747.3,0.0,"[[2026, 173.63913787684822], [2048, 174.37303513072553], [2052, 280.2325787516455], [2055, 151.2428734607638], [2070, 190.96514405573518], [2077, 162.60267432374897], [2083, 235.71117872619942], [2090, 202.93683495686383], [2092, 187.76099222244926], [2093, 205.1215393505904], [2100, 218.13754734502413]]"
67,01_no_policy,放置,2,2,5,"2056,2091","2088,2096",2060,2095,,2075,2075,427666450.4,227591663.6,281042920.2,358027261.4,2.294,4577.5,71.64,9522.2,0.0,"[[2030, 202.6425510190598], [2037, 214.4149580623425], [2039, 170.9985051390326], [2043, 168.46219604724763], [2052, 190.03196291440813], [2056, 178.69821195865813], [2065, 219.67022649312185], [2067, 193.68175668195164], [2072, 201.92629804074792], [2080, 191.64791204454673], [2088, 227.4409354158209], [2091, 252.48592717403614], [2096, 220.38694604159892], [2097, 181.02012112273738]]"
67,02_hard_infra,堤防偏重,0,1,0,,2056,2060,2071,,2075,2075,329769420.1,179685688.2,204279785.3,237646024.5,3.053,4542.5,69.24,9522.2,0.0,"[[2030, 202.6425510190598], [2037, 214.4149580623425], [2039, 170.9985051390326], [2043, 168.46219604724763], [2052, 190.03196291440813], [2056, 178.69821195865813], [2065, 219.67022649312185], [2067, 193.68175668195164], [2072, 201.92629804074792], [2080, 191.64791204454673], [2088, 227.4409354158209], [2091, 252.48592717403614], [2096, 220.38694604159892], [2097, 181.02012112273738]]"
67,03_nature_based,自然共生偏重,1,1,3,2056,2091,2052,,,2075,2075,401366487.9,215615169.8,257202952.2,318222790.5,2.527,4531.7,73.02,9522.2,0.0,"[[2030, 202.6425510190598], [2037, 214.4149580623425], [2039, 170.9985051390326], [2043, 168.46219604724763], [2052, 190.03196291440813], [2056, 178.69821195865813], [2065, 219.67022649312185], [2067, 193.68175668195164], [2072, 201.92629804074792], [2080, 191.64791204454673], [2088, 227.4409354158209], [2091, 252.48592717403614], [2096, 220.38694604159892], [2097, 181.02012112273738]]"
67,04_agri_rnd,農業R&D偏重,1,0,4,2056,,,,,2075,2075,423793395.6,227591663.6,257897030.6,287350883.3,2.466,5000.0,76.12,9522.2,0.0,"[[2030, 202.6425510190598], [2037, 214.4149580623425], [2039, 170.9985051390326], [2043, 168.46219604724763], [2052, 190.03196291440813], [2056, 178.69821195865813], [2065, 219.67022649312185], [2067, 193.68175668195164], [2072, 201.92629804074792], [2080, 191.64791204454673], [2088, 227.4409354158209], [2091, 252.48592717403614], [2096, 220.38694604159892], [2097, 181.02012112273738]]"
67,05_relocation_capacity,移転・防災偏重,1,0,3,2091,,2060,2095,,,,342635143.2,166290963.6,239665635.3,342635143.2,0.0,4577.5,71.64,2849.8,0.391,"[[2030, 202.6425510190598], [2037, 214.4149580623425], [2039, 170.9985051390326], [2043, 168.46219604724763], [2052, 190.03196291440813], [2056, 178.69821195865813], [2065, 219.67022649312185], [2067, 193.68175668195164], [2072, 201.92629804074792], [2080, 191.64791204454673], [2088, 227.4409354158209], [2091, 252.48592717403614], [2096, 220.38694604159892], [2097, 181.02012112273738]]"
67,06_balanced,バランス型,0,0,3,,,2060,,,,,296867139.4,167545571.6,221330571.3,294005805.4,3.072,4899.5,72.08,9009.4,0.391,"[[2030, 202.6425510190598], [2037, 214.4149580623425], [2039, 170.9985051390326], [2043, 168.46219604724763], [2052, 190.03196291440813], [2056, 178.69821195865813], [2065, 219.67022649312185], [2067, 193.68175668195164], [2072, 201.92629804074792], [2080, 191.64791204454673], [2088, 227.4409354158209], [2091, 252.48592717403614], [2096, 220.38694604159892], [2097, 181.02012112273738]]"
67,07_late_response,後手対応,1,1,3,2056,2091,2060,2086,,,2075,410991563.6,225928245.4,271534906.0,319955906.4,2.472,4689.6,71.04,9522.2,0.369,"[[2030, 202.6425510190598], [2037, 214.4149580623425], [2039, 170.9985051390326], [2043, 168.46219604724763], [2052, 190.03196291440813], [2056, 178.69821195865813], [2065, 219.67022649312185], [2067, 193.68175668195164], [2072, 201.92629804074792], [2080, 191.64791204454673], [2088, 227.4409354158209], [2091, 252.48592717403614], [2096, 220.38694604159892], [2097, 181.02012112273738]]"
67,08_ecosystem_sacrifice,生態系犠牲型,0,1,0,,2056,2060,2071,,2075,2075,329769420.1,179685688.2,204279785.3,233642396.9,2.18,4577.5,69.24,7169.0,0.0,"[[2030, 202.6425510190598], [2037, 214.4149580623425], [2039, 170.9985051390326], [2043, 168.46219604724763], [2052, 190.03196291440813], [2056, 178.69821195865813], [2065, 219.67022649312185], [2067, 193.68175668195164], [2072, 201.92629804074792], [2080, 191.64791204454673], [2088, 227.4409354158209], [2091, 252.48592717403614], [2096, 220.38694604159892], [2097, 181.02012112273738]]"
67,09_flood_neglect,洪水軽視型,1,0,4,2056,,,,,2075,2075,423793395.6,227591663.6,257897030.6,287350883.3,2.466,5000.0,76.12,9522.2,0.0,"[[2030, 202.6425510190598], [2037, 214.4149580623425], [2039, 170.9985051390326], [2043, 168.46219604724763], [2052, 190.03196291440813], [2056, 178.69821195865813], [2065, 219.67022649312185], [2067, 193.68175668195164], [2072, 201.92629804074792], [2080, 191.64791204454673], [2088, 227.4409354158209], [2091, 252.48592717403614], [2096, 220.38694604159892], [2097, 181.02012112273738]]"
239,01_no_policy,放置,3,2,4,"2050,2069,2093","2084,2100",2052,2095,,2075,2075,441525942.5,330773404.2,441525942.5,355941213.9,2.019,1289.2,71.64,12623.4,0.0,"[[2049, 159.0936760165794], [2050, 279.29639228856144], [2053, 187.80110798407782], [2054, 179.21503932154852], [2060, 153.21178645716898], [2061, 233.36627236326336], [2069, 191.64260132261552], [2073, 167.13739818646627], [2076, 182.93430024484087], [2077, 140.8561799054614], [2084, 224.4990722434786], [2086, 194.3876286419675], [2093, 249.3687918071824], [2094, 187.44865185933676], [2099, 184.2061207619248], [2100, 224.45707392892618]]"
239,02_hard_infra,堤防偏重,0,0,2,,,2052,2070,,,,285186541.1,283401019.4,285186541.1,233918035.4,3.037,2532.6,69.24,12623.4,0.0,"[[2049, 159.0936760165794], [2050, 279.29639228856144], [2053, 187.80110798407782], [2054, 179.21503932154852], [2060, 153.21178645716898], [2061, 233.36627236326336], [2069, 191.64260132261552], [2073, 167.13739818646627], [2076, 182.93430024484087], [2077, 140.8561799054614], [2084, 224.4990722434786], [2086, 194.3876286419675], [2093, 249.3687918071824], [2094, 187.44865185933676], [2099, 184.2061207619248], [2100, 224.45707392892618]]"
239,03_nature_based,自然共生偏重,1,2,3,2069,"2050,2093",2041,,,2075,2075,392477889.8,318930308.0,392477889.8,311211948.0,2.293,1668.2,73.54,12623.4,0.0,"[[2049, 159.0936760165794], [2050, 279.29639228856144], [2053, 187.80110798407782], [2054, 179.21503932154852], [2060, 153.21178645716898], [2061, 233.36627236326336], [2069, 191.64260132261552], [2073, 167.13739818646627], [2076, 182.93430024484087], [2077, 140.8561799054614], [2084, 224.4990722434786], [2086, 194.3876286419675], [2093, 249.3687918071824], [2094, 187.44865185933676], [2099, 184.2061207619248], [2100, 224.45707392892618]]"
239,04_agri_rnd,農業R&D偏重,2,0,4,"2050,2069",,,,,2075,2075,392659104.0,330773404.2,392659104.0,281997083.7,2.224,2448.4,76.34,12623.4,0.0,"[[2049, 159.0936760165794], [2050, 279.29639228856144], [2053, 187.80110798407782], [2054, 179.21503932154852], [2060, 153.21178645716898], [2061, 233.36627236326336], [2069, 191.64260132261552], [2073, 167.13739818646627], [2076, 182.93430024484087], [2077, 140.8561799054614], [2084, 224.4990722434786], [2086, 194.3876286419675], [2093, 249.3687918071824], [2094, 187.44865185933676], [2099, 184.2061207619248], [2100, 224.45707392892618]]"
239,05_relocation_capacity,移転・防災偏重,1,2,3,2093,"2050,2100",2052,2095,,,,341657617.0,314635394.6,296856819.1,341657617.0,0.0,1510.0,71.64,5694.7,0.391,"[[2049, 159.0936760165794], [2050, 279.29639228856144], [2053, 187.80110798407782], [2054, 179.21503932154852], [2060, 153.21178645716898], [2061, 233.36627236326336], [2069, 191.64260132261552], [2073, 167.13739818646627], [2076, 182.93430024484087], [2077, 140.8561799054614], [2084, 224.4990722434786], [2086, 194.3876286419675], [2093, 249.3687918071824], [2094, 187.44865185933676], [2099, 184.2061207619248], [2100, 224.45707392892618]]"
239,06_balanced,バランス型,0,0,3,,,,,,,,294127036.2,294127036.2,293943898.2,287510806.9,2.964,2414.6,72.32,12110.6,0.391,"[[2049, 159.0936760165794], [2050, 279.29639228856144], [2053, 187.80110798407782], [2054, 179.21503932154852], [2060, 153.21178645716898], [2061, 233.36627236326336], [2069, 191.64260132261552], [2073, 167.13739818646627], [2076, 182.93430024484087], [2077, 140.8561799054614], [2084, 224.4990722434786], [2086, 194.3876286419675], [2093, 249.3687918071824], [2094, 187.44865185933676], [2099, 184.2061207619248], [2100, 224.45707392892618]]"
239,07_late_response,後手対応,2,1,3,"2050,2069",2093,2052,2086,,,2075,400249104.8,330773404.2,400249104.8,318992584.7,2.27,1955.7,71.04,12623.4,0.369,"[[2049, 159.0936760165794], [2050, 279.29639228856144], [2053, 187.80110798407782], [2054, 179.21503932154852], [2060, 153.21178645716898], [2061, 233.36627236326336], [2069, 191.64260132261552], [2073, 167.13739818646627], [2076, 182.93430024484087], [2077, 140.8561799054614], [2084, 224.4990722434786], [2086, 194.3876286419675], [2093, 249.3687918071824], [2094, 187.44865185933676], [2099, 184.2061207619248], [2100, 224.45707392892618]]"
239,08_ecosystem_sacrifice,生態系犠牲型,0,0,2,,,2052,2070,,,,285186541.1,283401019.4,285186541.1,231588655.7,2.168,2632.8,69.24,10278.0,0.0,"[[2049, 159.0936760165794], [2050, 279.29639228856144], [2053, 187.80110798407782], [2054, 179.21503932154852], [2060, 153.21178645716898], [2061, 233.36627236326336], [2069, 191.64260132261552], [2073, 167.13739818646627], [2076, 182.93430024484087], [2077, 140.8561799054614], [2084, 224.4990722434786], [2086, 194.3876286419675], [2093, 249.3687918071824], [2094, 187.44865185933676], [2099, 184.2061207619248], [2100, 224.45707392892618]]"
239,09_flood_neglect,洪水軽視型,2,0,4,"2050,2069",,,,,2075,2075,392659104.0,330773404.2,392659104.0,281997083.7,2.224,2448.4,76.34,12623.4,0.0,"[[2049, 159.0936760165794], [2050, 279.29639228856144], [2053, 187.80110798407782], [2054, 179.21503932154852], [2060, 153.21178645716898], [2061, 233.36627236326336], [2069, 191.64260132261552], [2073, 167.13739818646627], [2076, 182.93430024484087], [2077, 140.8561799054614], [2084, 224.4990722434786], [2086, 194.3876286419675], [2093, 249.3687918071824], [2094, 187.44865185933676], [2099, 184.2061207619248], [2100, 224.45707392892618]]"
333,01_no_policy,放置,1,1,2,2059,2087,2066,2095,,2075,2075,419579390.8,0.0,284974971.1,329482182.5,2.926,2024.6,71.64,10431.2,0.0,"[[2029, 196.7552186021484], [2032, 164.69515462866806], [2039, 151.64968396165378], [2045, 164.43131607782922], [2059, 170.97888408450314], [2067, 220.70450691196567], [2068, 148.65085494667102], [2073, 180.89839921725488], [2086, 166.31792126864858], [2087, 235.55501597814143], [2092, 174.37023312485886], [2100, 175.22677830910405]]"
333,02_hard_infra,堤防偏重,0,0,1,,,2066,2071,,,,270452411.2,0.0,207502614.5,217582317.1,3.747,3483.4,68.64,10431.2,0.0,"[[2029, 196.7552186021484], [2032, 164.69515462866806], [2039, 151.64968396165378], [2045, 164.43131607782922], [2059, 170.97888408450314], [2067, 220.70450691196567], [2068, 148.65085494667102], [2073, 180.89839921725488], [2086, 166.31792126864858], [2087, 235.55501597814143], [2092, 174.37023312485886], [2100, 175.22677830910405]]"
333,03_nature_based,自然共生偏重,1,0,2,2059,,2064,,,2075,2075,387801498.3,0.0,258892616.0,288338595.0,3.144,2321.6,73.38,10431.2,0.0,"[[2029, 196.7552186021484], [2032, 164.69515462866806], [2039, 151.64968396165378], [2045, 164.43131607782922], [2059, 170.97888408450314], [2067, 220.70450691196567], [2068, 148.65085494667102], [2073, 180.89839921725488], [2086, 166.31792126864858], [2087, 235.55501597814143], [2092, 174.37023312485886], [2100, 175.22677830910405]]"
333,04_agri_rnd,農業R&D偏重,1,0,2,2059,,2087,,,2075,2075,404860713.1,0.0,257384259.8,266250976.9,3.116,2989.4,76.18,10431.2,0.0,"[[2029, 196.7552186021484], [2032, 164.69515462866806], [2039, 151.64968396165378], [2045, 164.43131607782922], [2059, 170.97888408450314], [2067, 220.70450691196567], [2068, 148.65085494667102], [2073, 180.89839921725488], [2086, 166.31792126864858], [2087, 235.55501597814143], [2092, 174.37023312485886], [2100, 175.22677830910405]]"
333,05_relocation_capacity,移転・防災偏重,0,1,1,,2087,2066,2095,,,,305287076.1,0.0,243974634.3,305287076.1,0.24,2665.8,71.64,3133.5,0.391,"[[2029, 196.7552186021484], [2032, 164.69515462866806], [2039, 151.64968396165378], [2045, 164.43131607782922], [2059, 170.97888408450314], [2067, 220.70450691196567], [2068, 148.65085494667102], [2073, 180.89839921725488], [2086, 166.31792126864858], [2087, 235.55501597814143], [2092, 174.37023312485886], [2100, 175.22677830910405]]"
333,06_balanced,バランス型,0,0,2,,,2087,,,,,282207395.0,0.0,224516439.7,262741174.6,3.627,3291.6,72.15,9918.3,0.391,"[[2029, 196.7552186021484], [2032, 164.69515462866806], [2039, 151.64968396165378], [2045, 164.43131607782922], [2059, 170.97888408450314], [2067, 220.70450691196567], [2068, 148.65085494667102], [2073, 180.89839921725488], [2086, 166.31792126864858], [2087, 235.55501597814143], [2092, 174.37023312485886], [2100, 175.22677830910405]]"
333,07_late_response,後手対応,1,0,2,2059,,2066,2086,,,2075,394098931.6,0.0,275112831.7,287510868.5,3.148,2783.0,71.04,10431.2,0.369,"[[2029, 196.7552186021484], [2032, 164.69515462866806], [2039, 151.64968396165378], [2045, 164.43131607782922], [2059, 170.97888408450314], [2067, 220.70450691196567], [2068, 148.65085494667102], [2073, 180.89839921725488], [2086, 166.31792126864858], [2087, 235.55501597814143], [2092, 174.37023312485886], [2100, 175.22677830910405]]"
333,08_ecosystem_sacrifice,生態系犠牲型,0,0,1,,,2066,2071,,,,270452411.2,0.0,207502614.5,217582317.1,3.747,3483.4,68.64,10431.2,0.0,"[[2029, 196.7552186021484], [2032, 164.69515462866806], [2039, 151.64968396165378], [2045, 164.43131607782922], [2059, 170.97888408450314], [2067, 220.70450691196567], [2068, 148.65085494667102], [2073, 180.89839921725488], [2086, 166.31792126864858], [2087, 235.55501597814143], [2092, 174.37023312485886], [2100, 175.22677830910405]]"
333,09_flood_neglect,洪水軽視型,1,0,2,2059,,2087,,,2075,2075,404860713.1,0.0,257384259.8,266250976.9,3.116,2989.4,76.18,10431.2,0.0,"[[2029, 196.7552186021484], [2032, 164.69515462866806], [2039, 151.64968396165378], [2045, 164.43131607782922], [2059, 170.97888408450314], [2067, 220.70450691196567], [2068, 148.65085494667102], [2073, 180.89839921725488], [2086, 166.31792126864858], [2087, 235.55501597814143], [2092, 174.37023312485886], [2100, 175.22677830910405]]"
334,01_no_policy,放置,1,1,2,2058,2086,2068,2095,,2075,2075,417502642.2,0.0,283590618.2,328198692.7,2.936,4454.1,71.64,10479.2,0.0,"[[2028, 196.72605010420884], [2031, 164.72165980372975], [2038, 151.69819342444245], [2044, 164.4576845238624], [2058, 170.99380911674336], [2066, 220.63804282323605], [2067, 148.70195974764292], [2072, 180.89694650426787], [2085, 166.3395897191281], [2086, 235.4671720405207], [2091, 174.37906512130124], [2099, 175.23417373890402]]"
334,02_hard_infra,堤防偏重,0,0,1,,,2068,2071,,,,269130046.4,0.0,206471383.1,216693147.4,3.753,4454.1,68.64,10479.2,0.0,"[[2028, 196.72605010420884], [2031, 164.72165980372975], [2038, 151.69819342444245], [2044, 164.4576845238624], [2058, 170.99380911674336], [2066, 220.63804282323605], [2067, 148.70195974764292], [2072, 180.89694650426787], [2085, 166.3395897191281], [2086, 235.4671720405207], [2091, 174.37906512130124], [2099, 175.23417373890402]]"
334,03_nature_based,自然共生偏重,1,0,2,2058,,2063,,,2075,2075,387551644.3,0.0,258599647.6,287087721.9,3.145,4409.6,73.38,10479.2,0.0,"[[2028, 196.72605010420884], [2031, 164.72165980372975], [2038, 151.69819342444245], [2044, 164.4576845238624], [2058, 170.99380911674336], [2066, 220.63804282323605], [2067, 148.70195974764292], [2072, 180.89694650426787], [2085, 166.3395897191281], [2086, 235.4671720405207], [2091, 174.37906512130124], [2099, 175.23417373890402]]"
334,04_agri_rnd,農業R&D偏重,1,0,2,2058,,2086,,,2075,2075,406400602.3,0.0,258162612.6,265834927.1,3.109,4894.1,76.19,10479.2,0.0,"[[2028, 196.72605010420884], [2031, 164.72165980372975], [2038, 151.69819342444245], [2044, 164.4576845238624], [2058, 170.99380911674336], [2066, 220.63804282323605], [2067, 148.70195974764292], [2072, 180.89694650426787], [2085, 166.3395897191281], [2086, 235.4671720405207], [2091, 174.37906512130124], [2099, 175.23417373890402]]"
334,05_relocation_capacity,移転・防災偏重,0,1,1,,2086,2068,2095,,,,303626572.0,0.0,242387621.8,303626572.0,0.247,4454.1,71.64,3183.6,0.391,"[[2028, 196.72605010420884], [2031, 164.72165980372975], [2038, 151.69819342444245], [2044, 164.4576845238624], [2058, 170.99380911674336], [2066, 220.63804282323605], [2067, 148.70195974764292], [2072, 180.89694650426787], [2085, 166.3395897191281], [2086, 235.4671720405207], [2091, 174.37906512130124], [2099, 175.23417373890402]]"
334,06_balanced,バランス型,0,0,2,,,2086,,,,,281861802.7,0.0,223625428.3,262201227.7,3.631,4774.0,72.15,9966.4,0.391,"[[2028, 196.72605010420884], [2031, 164.72165980372975], [2038, 151.69819342444245], [2044, 164.4576845238624], [2058, 170.99380911674336], [2066, 220.63804282323605], [2067, 148.70195974764292], [2072, 180.89694650426787], [2085, 166.3395897191281], [2086, 235.4671720405207], [2091, 174.37906512130124], [2099, 175.23417373890402]]"
334,07_late_response,後手対応,1,0,2,2058,,2068,2086,,,2075,394519396.7,0.0,273960103.2,286430070.6,3.15,4561.3,71.04,10479.2,0.369,"[[2028, 196.72605010420884], [2031, 164.72165980372975], [2038, 151.69819342444245], [2044, 164.4576845238624], [2058, 170.99380911674336], [2066, 220.63804282323605], [2067, 148.70195974764292], [2072, 180.89694650426787], [2085, 166.3395897191281], [2086, 235.4671720405207], [2091, 174.37906512130124], [2099, 175.23417373890402]]"
334,08_ecosystem_sacrifice,生態系犠牲型,0,0,1,,,2068,2071,,,,269130046.4,0.0,206471383.1,216693147.4,3.753,4454.1,68.64,10479.2,0.0,"[[2028, 196.72605010420884], [2031, 164.72165980372975], [2038, 151.69819342444245], [2044, 164.4576845238624], [2058, 170.99380911674336], [2066, 220.63804282323605], [2067, 148.70195974764292], [2072, 180.89694650426787], [2085, 166.3395897191281], [2086, 235.4671720405207], [2091, 174.37906512130124], [2099, 175.23417373890402]]"
334,09_flood_neglect,洪水軽視型,1,0,2,2058,,2086,,,2075,2075,406400602.3,0.0,258162612.6,265834927.1,3.109,4894.1,76.19,10479.2,0.0,"[[2028, 196.72605010420884], [2031, 164.72165980372975], [2038, 151.69819342444245], [2044, 164.4576845238624], [2058, 170.99380911674336], [2066, 220.63804282323605], [2067, 148.70195974764292], [2072, 180.89694650426787], [2085, 166.3395897191281], [2086, 235.4671720405207], [2091, 174.37906512130124], [2099, 175.23417373890402]]"
335,01_no_policy,放置,1,1,2,2057,2085,2067,2095,,2075,2075,415408291.2,0.0,282196097.2,326905245.8,2.947,4554.0,71.64,10456.7,0.0,"[[2027, 196.69688160626924], [2030, 164.74816497879144], [2037, 151.7467028872311], [2043, 164.4840529698956], [2057, 171.00873414898362], [2065, 220.5715787345065], [2066, 148.75306454861482], [2071, 180.89549379128087], [2084, 166.3612581696076], [2085, 235.37932810289996], [2090, 174.38789711774365], [2098, 175.241569168704]]"
335,02_hard_infra,堤防偏重,0,1,0,,2057,2067,2071,,2075,2075,317000209.5,0.0,205432962.4,215797699.2,3.609,4554.0,68.64,10456.7,0.0,"[[2027, 196.69688160626924], [2030, 164.74816497879144], [2037, 151.7467028872311], [2043, 164.4840529698956], [2057, 171.00873414898362], [2065, 220.5715787345065], [2066, 148.75306454861482], [2071, 180.89549379128087], [2084, 166.3612581696076], [2085, 235.37932810289996], [2090, 174.38789711774365], [2098, 175.241569168704]]"
335,03_nature_based,自然共生偏重,1,0,2,2057,,2062,,,2075,2075,387304925.4,0.0,258308643.1,285831640.6,3.147,4508.4,73.39,10456.7,0.0,"[[2027, 196.69688160626924], [2030, 164.74816497879144], [2037, 151.7467028872311], [2043, 164.4840529698956], [2057, 171.00873414898362], [2065, 220.5715787345065], [2066, 148.75306454861482], [2071, 180.89549379128087], [2084, 166.3612581696076], [2085, 235.37932810289996], [2090, 174.38789711774365], [2098, 175.241569168704]]"
335,04_agri_rnd,農業R&D偏重,1,0,2,2057,,2085,,,2075,2075,407964767.3,0.0,258955235.3,265427070.1,3.102,4994.0,76.19,10456.7,0.0,"[[2027, 196.69688160626924], [2030, 164.74816497879144], [2037, 151.7467028872311], [2043, 164.4840529698956], [2057, 171.00873414898362], [2065, 220.5715787345065], [2066, 148.75306454861482], [2071, 180.89549379128087], [2084, 166.3612581696076], [2085, 235.37932810289996], [2090, 174.38789711774365], [2098, 175.241569168704]]"
335,05_relocation_capacity,移転・防災偏重,0,1,1,,2085,2067,2095,,,,302019048.5,0.0,240907488.7,302019048.5,0.254,4554.0,71.64,3164.6,0.391,"[[2027, 196.69688160626924], [2030, 164.74816497879144], [2037, 151.7467028872311], [2043, 164.4840529698956], [2057, 171.00873414898362], [2065, 220.5715787345065], [2066, 148.75306454861482], [2071, 180.89549379128087], [2084, 166.3612581696076], [2085, 235.37932810289996], [2090, 174.38789711774365], [2098, 175.241569168704]]"
335,06_balanced,バランス型,0,0,2,,,2085,,,,,281585758.1,0.0,222749882.9,261667719.2,3.634,4873.0,72.15,9943.9,0.391,"[[2027, 196.69688160626924], [2030, 164.74816497879144], [2037, 151.7467028872311], [2043, 164.4840529698956], [2057, 171.00873414898362], [2065, 220.5715787345065], [2066, 148.75306454861482], [2071, 180.89549379128087], [2084, 166.3612581696076], [2085, 235.37932810289996], [2090, 174.38789711774365], [2098, 175.241569168704]]"
335,07_late_response,後手対応,1,0,2,2057,,2067,2086,,,2075,395097778.2,0.0,272831490.7,285346621.5,3.152,4660.8,71.04,10456.7,0.369,"[[2027, 196.69688160626924], [2030, 164.74816497879144], [2037, 151.7467028872311], [2043, 164.4840529698956], [2057, 171.00873414898362], [2065, 220.5715787345065], [2066, 148.75306454861482], [2071, 180.89549379128087], [2084, 166.3612581696076], [2085, 235.37932810289996], [2090, 174.38789711774365], [2098, 175.241569168704]]"
335,08_ecosystem_sacrifice,生態系犠牲型,0,1,0,,2057,2067,2071,,2075,2075,317000209.5,0.0,205432962.4,215797699.2,3.609,4554.0,68.64,10456.7,0.0,"[[2027, 196.69688160626924], [2030, 164.74816497879144], [2037, 151.7467028872311], [2043, 164.4840529698956], [2057, 171.00873414898362], [2065, 220.5715787345065], [2066, 148.75306454861482], [2071, 180.89549379128087], [2084, 166.3612581696076], [2085, 235.37932810289996], [2090, 174.38789711774365], [2098, 175.241569168704]]"
335,09_flood_neglect,洪水軽視型,1,0,2,2057,,2085,,,2075,2075,407964767.3,0.0,258955235.3,265427070.1,3.102,4994.0,76.19,10456.7,0.0,"[[2027, 196.69688160626924], [2030, 164.74816497879144], [2037, 151.7467028872311], [2043, 164.4840529698956], [2057, 171.00873414898362], [2065, 220.5715787345065], [2066, 148.75306454861482], [2071, 180.89549379128087], [2084, 166.3612581696076], [2085, 235.37932810289996], [2090, 174.38789711774365], [2098, 175.241569168704]]"
350,01_no_policy,放置,1,2,5,2099,"2070,2098",2067,2095,,2075,2075,516028880.6,260044331.7,306285073.3,516028880.6,3.354,4596.7,71.64,9917.5,0.0,"[[2042, 191.56140831130406], [2050, 219.5746174035626], [2051, 149.5196365631932], [2056, 180.87370309647565], [2069, 166.68628492680034], [2070, 234.06166903858895], [2083, 175.35250061570355], [2087, 204.6135672707517], [2090, 171.72210823602052], [2092, 176.7039662514713], [2094, 188.22034386517677], [2096, 179.06232926982798], [2098, 225.83545992327134], [2099, 183.01907136434093]]"
350,02_hard_infra,堤防偏重,0,0,0,,,2067,2070,,,,225151100.8,212671946.9,201599816.8,225151100.8,3.913,4596.7,68.64,9917.5,0.0,"[[2042, 191.56140831130406], [2050, 219.5746174035626], [2051, 149.5196365631932], [2056, 180.87370309647565], [2069, 166.68628492680034], [2070, 234.06166903858895], [2083, 175.35250061570355], [2087, 204.6135672707517], [2090, 171.72210823602052], [2092, 176.7039662514713], [2094, 188.22034386517677], [2096, 179.06232926982798], [2098, 225.83545992327134], [2099, 183.01907136434093]]"
350,03_nature_based,自然共生偏重,1,0,2,2099,,2052,,,,,442938578.7,248201235.5,275990179.9,442938578.7,3.514,4550.7,73.57,9917.5,0.0,"[[2042, 191.56140831130406], [2050, 219.5746174035626], [2051, 149.5196365631932], [2056, 180.87370309647565], [2069, 166.68628492680034], [2070, 234.06166903858895], [2083, 175.35250061570355], [2087, 204.6135672707517], [2090, 171.72210823602052], [2092, 176.7039662514713], [2094, 188.22034386517677], [2096, 179.06232926982798], [2098, 225.83545992327134], [2099, 183.01907136434093]]"
350,04_agri_rnd,農業R&D偏重,1,0,3,2099,,,,,,,402325247.3,260044331.7,270330484.7,402325247.3,3.478,5000.0,76.37,9917.5,0.0,"[[2042, 191.56140831130406], [2050, 219.5746174035626], [2051, 149.5196365631932], [2056, 180.87370309647565], [2069, 166.68628492680034], [2070, 234.06166903858895], [2083, 175.35250061570355], [2087, 204.6135672707517], [2090, 171.72210823602052], [2092, 176.7039662514713], [2094, 188.22034386517677], [2096, 179.06232926982798], [2098, 225.83545992327134], [2099, 183.01907136434093]]"
350,05_relocation_capacity,移転・防災偏重,1,1,1,2099,2098,2067,2095,,,,383714318.1,217196437.6,274848277.5,383714318.1,0.34,4596.7,71.64,2345.1,0.391,"[[2042, 191.56140831130406], [2050, 219.5746174035626], [2051, 149.5196365631932], [2056, 180.87370309647565], [2069, 166.68628492680034], [2070, 234.06166903858895], [2083, 175.35250061570355], [2087, 204.6135672707517], [2090, 171.72210823602052], [2092, 176.7039662514713], [2094, 188.22034386517677], [2096, 179.06232926982798], [2098, 225.83545992327134], [2099, 183.01907136434093]]"
350,06_balanced,バランス型,0,1,0,,2099,2070,,,,,324026043.1,208555738.3,248938744.2,324026043.1,3.875,4915.4,72.33,9404.7,0.391,"[[2042, 191.56140831130406], [2050, 219.5746174035626], [2051, 149.5196365631932], [2056, 180.87370309647565], [2069, 166.68628492680034], [2070, 234.06166903858895], [2083, 175.35250061570355], [2087, 204.6135672707517], [2090, 171.72210823602052], [2092, 176.7039662514713], [2094, 188.22034386517677], [2096, 179.06232926982798], [2098, 225.83545992327134], [2099, 183.01907136434093]]"
350,07_late_response,後手対応,1,0,3,2099,,2067,2086,,,,381954842.7,260044331.7,268416734.9,381954842.7,3.489,4716.7,70.44,9917.5,0.08,"[[2042, 191.56140831130406], [2050, 219.5746174035626], [2051, 149.5196365631932], [2056, 180.87370309647565], [2069, 166.68628492680034], [2070, 234.06166903858895], [2083, 175.35250061570355], [2087, 204.6135672707517], [2090, 171.72210823602052], [2092, 176.7039662514713], [2094, 188.22034386517677], [2096, 179.06232926982798], [2098, 225.83545992327134], [2099, 183.01907136434093]]"
350,08_ecosystem_sacrifice,生態系犠牲型,0,0,0,,,2067,2070,,,,225151100.8,212671946.9,201599816.8,225151100.8,3.913,4596.7,68.64,9917.5,0.0,"[[2042, 191.56140831130406], [2050, 219.5746174035626], [2051, 149.5196365631932], [2056, 180.87370309647565], [2069, 166.68628492680034], [2070, 234.06166903858895], [2083, 175.35250061570355], [2087, 204.6135672707517], [2090, 171.72210823602052], [2092, 176.7039662514713], [2094, 188.22034386517677], [2096, 179.06232926982798], [2098, 225.83545992327134], [2099, 183.01907136434093]]"
350,09_flood_neglect,洪水軽視型,1,0,3,2099,,,,,,,402325247.3,260044331.7,270330484.7,402325247.3,3.478,5000.0,76.37,9917.5,0.0,"[[2042, 191.56140831130406], [2050, 219.5746174035626], [2051, 149.5196365631932], [2056, 180.87370309647565], [2069, 166.68628492680034], [2070, 234.06166903858895], [2083, 175.35250061570355], [2087, 204.6135672707517], [2090, 171.72210823602052], [2092, 176.7039662514713], [2094, 188.22034386517677], [2096, 179.06232926982798], [2098, 225.83545992327134], [2099, 183.01907136434093]]"
351,01_no_policy,放置,1,2,5,2098,"2069,2097",2066,2095,,2075,2075,514481423.3,220171043.2,304827731.4,514481423.3,3.718,4662.8,71.64,9975.7,0.0,"[[2041, 191.5417269255601], [2049, 219.508153314833], [2050, 149.57074136416506], [2055, 180.87225038348862], [2068, 166.70795337727986], [2069, 233.9738251009682], [2082, 175.35989604550352], [2086, 204.57464814473062], [2089, 171.7351354937426], [2091, 176.7091370798531], [2093, 188.20748809952525], [2095, 179.06379111729152], [2097, 225.76422364008687], [2098, 183.0143864830396]]"
351,02_hard_infra,堤防偏重,0,0,0,,,2066,2071,,,,226658030.7,171480093.1,226658030.7,224482507.2,4.127,4662.8,68.64,9975.7,0.0,"[[2041, 191.5417269255601], [2049, 219.508153314833], [2050, 149.57074136416506], [2055, 180.87225038348862], [2068, 166.70795337727986], [2069, 233.9738251009682], [2082, 175.35989604550352], [2086, 204.57464814473062], [2089, 171.7351354937426], [2091, 176.7091370798531], [2093, 188.20748809952525], [2095, 179.06379111729152], [2097, 225.76422364008687], [2098, 183.0143864830396]]"
351,03_nature_based,自然共生偏重,1,0,2,2098,,2051,,,,,444091564.8,207998305.7,275651680.5,444091564.8,3.847,4616.2,73.45,9975.7,0.0,"[[2041, 191.5417269255601], [2049, 219.508153314833], [2050, 149.57074136416506], [2055, 180.87225038348862], [2068, 166.70795337727986], [2069, 233.9738251009682], [2082, 175.35989604550352], [2086, 204.57464814473062], [2089, 171.7351354937426], [2091, 176.7091370798531], [2093, 188.20748809952525], [2095, 179.06379111729152], [2097, 225.76422364008687], [2098, 183.0143864830396]]"
351,04_agri_rnd,農業R&D偏重,1,0,3,2098,,2069,,,,,404836207.6,220171043.2,271090263.0,404836207.6,3.83,5000.0,76.24,9975.7,0.0,"[[2041, 191.5417269255601], [2049, 219.508153314833], [2050, 149.57074136416506], [2055, 180.87225038348862], [2068, 166.70795337727986], [2069, 233.9738251009682], [2082, 175.35989604550352], [2086, 204.57464814473062], [2089, 171.7351354937426], [2091, 176.7091370798531], [2093, 188.20748809952525], [2095, 179.06379111729152], [2097, 225.76422364008687], [2098, 183.0143864830396]]"
351,05_relocation_capacity,移転・防災偏重,1,0,2,2098,,2066,2095,,,,380733479.5,154023550.8,273238469.1,380733479.5,0.541,4662.8,71.64,2372.7,0.391,"[[2041, 191.5417269255601], [2049, 219.508153314833], [2050, 149.57074136416506], [2055, 180.87225038348862], [2068, 166.70795337727986], [2069, 233.9738251009682], [2082, 175.35989604550352], [2086, 204.57464814473062], [2089, 171.7351354937426], [2091, 176.7091370798531], [2093, 188.20748809952525], [2095, 179.06379111729152], [2097, 225.76422364008687], [2098, 183.0143864830396]]"
351,06_balanced,バランス型,0,1,0,,2098,2069,,,,,325755514.4,156631026.0,247907480.8,325755514.4,4.11,4958.3,72.25,9462.9,0.391,"[[2041, 191.5417269255601], [2049, 219.508153314833], [2050, 149.57074136416506], [2055, 180.87225038348862], [2068, 166.70795337727986], [2069, 233.9738251009682], [2082, 175.35989604550352], [2086, 204.57464814473062], [2089, 171.7351354937426], [2091, 176.7091370798531], [2093, 188.20748809952525], [2095, 179.06379111729152], [2097, 225.76422364008687], [2098, 183.0143864830396]]"
351,07_late_response,後手対応,1,0,3,2098,,2066,2086,,,,379770905.6,213628570.4,296784653.0,379770905.6,3.789,4742.8,70.44,9975.7,0.08,"[[2041, 191.5417269255601], [2049, 219.508153314833], [2050, 149.57074136416506], [2055, 180.87225038348862], [2068, 166.70795337727986], [2069, 233.9738251009682], [2082, 175.35989604550352], [2086, 204.57464814473062], [2089, 171.7351354937426], [2091, 176.7091370798531], [2093, 188.20748809952525], [2095, 179.06379111729152], [2097, 225.76422364008687], [2098, 183.0143864830396]]"
351,08_ecosystem_sacrifice,生態系犠牲型,0,0,0,,,2066,2071,,,,226658030.7,171480093.1,226658030.7,224482507.2,4.127,4662.8,68.64,9975.7,0.0,"[[2041, 191.5417269255601], [2049, 219.508153314833], [2050, 149.57074136416506], [2055, 180.87225038348862], [2068, 166.70795337727986], [2069, 233.9738251009682], [2082, 175.35989604550352], [2086, 204.57464814473062], [2089, 171.7351354937426], [2091, 176.7091370798531], [2093, 188.20748809952525], [2095, 179.06379111729152], [2097, 225.76422364008687], [2098, 183.0143864830396]]"
351,09_flood_neglect,洪水軽視型,1,0,3,2098,,2069,,,,,404836207.6,220171043.2,271090263.0,404836207.6,3.83,5000.0,76.24,9975.7,0.0,"[[2041, 191.5417269255601], [2049, 219.508153314833], [2050, 149.57074136416506], [2055, 180.87225038348862], [2068, 166.70795337727986], [2069, 233.9738251009682], [2082, 175.35989604550352], [2086, 204.57464814473062], [2089, 171.7351354937426], [2091, 176.7091370798531], [2093, 188.20748809952525], [2095, 179.06379111729152], [2097, 225.76422364008687], [2098, 183.0143864830396]]"
352,01_no_policy,放置,1,2,4,2097,"2068,2096",2065,2095,,2075,2075,512918528.2,218995383.7,303359896.7,512918528.2,3.725,4605.6,71.64,10220.5,0.0,"[[2040, 191.52204553981616], [2048, 219.44168922610342], [2049, 149.62184616513696], [2054, 180.87079767050162], [2067, 166.7296218277594], [2068, 233.88598116334748], [2081, 175.3672914753035], [2085, 204.53572901870956], [2088, 171.7481627514647], [2090, 176.71430790823493], [2092, 188.19463233387373], [2094, 179.06525296475505], [2096, 225.6929873569024], [2097, 183.00970160173824]]"
352,02_hard_infra,堤防偏重,0,0,0,,,2065,2071,,,,225537388.0,170564042.3,225537388.0,223807137.5,4.132,4605.6,68.64,10220.5,0.0,"[[2040, 191.52204553981616], [2048, 219.44168922610342], [2049, 149.62184616513696], [2054, 180.87079767050162], [2067, 166.7296218277594], [2068, 233.88598116334748], [2081, 175.3672914753035], [2085, 204.53572901870956], [2088, 171.7481627514647], [2090, 176.71430790823493], [2092, 188.19463233387373], [2094, 179.06525296475505], [2096, 225.6929873569024], [2097, 183.00970160173824]]"
352,03_nature_based,自然共生偏重,1,0,2,2097,,2065,,,,,442617634.4,206887548.4,275315195.0,442617634.4,3.85,4559.5,73.45,10220.5,0.0,"[[2040, 191.52204553981616], [2048, 219.44168922610342], [2049, 149.62184616513696], [2054, 180.87079767050162], [2067, 166.7296218277594], [2068, 233.88598116334748], [2081, 175.3672914753035], [2085, 204.53572901870956], [2088, 171.7481627514647], [2090, 176.71430790823493], [2092, 188.19463233387373], [2094, 179.06525296475505], [2096, 225.6929873569024], [2097, 183.00970160173824]]"
352,04_agri_rnd,農業R&D偏重,1,0,3,2097,,2068,,,,,404375187.3,218995383.7,271864726.0,404375187.3,3.829,5000.0,76.25,10220.5,0.0,"[[2040, 191.52204553981616], [2048, 219.44168922610342], [2049, 149.62184616513696], [2054, 180.87079767050162], [2067, 166.7296218277594], [2068, 233.88598116334748], [2081, 175.3672914753035], [2085, 204.53572901870956], [2088, 171.7481627514647], [2090, 176.71430790823493], [2092, 188.19463233387373], [2094, 179.06525296475505], [2096, 225.6929873569024], [2097, 183.00970160173824]]"
352,05_relocation_capacity,移転・防災偏重,1,0,2,2097,,2065,2095,,,,379106015.3,153665627.8,271620762.0,379106015.3,0.545,4605.6,71.64,2616.4,0.391,"[[2040, 191.52204553981616], [2048, 219.44168922610342], [2049, 149.62184616513696], [2054, 180.87079767050162], [2067, 166.7296218277594], [2068, 233.88598116334748], [2081, 175.3672914753035], [2085, 204.53572901870956], [2088, 171.7481627514647], [2090, 176.71430790823493], [2092, 188.19463233387373], [2094, 179.06525296475505], [2096, 225.6929873569024], [2097, 183.00970160173824]]"
352,06_balanced,バランス型,0,1,0,,2097,2068,,,,,325601838.0,156151520.5,246906201.5,325601838.0,4.113,4924.2,72.25,9707.7,0.391,"[[2040, 191.52204553981616], [2048, 219.44168922610342], [2049, 149.62184616513696], [2054, 180.87079767050162], [2067, 166.7296218277594], [2068, 233.88598116334748], [2081, 175.3672914753035], [2085, 204.53572901870956], [2088, 171.7481627514647], [2090, 176.71430790823493], [2092, 188.19463233387373], [2094, 179.06525296475505], [2096, 225.6929873569024], [2097, 183.00970160173824]]"
352,07_late_response,後手対応,1,0,3,2097,,2065,2086,,,,377520212.1,213921083.3,295428820.5,377520212.1,3.792,4685.6,70.44,10220.5,0.08,"[[2040, 191.52204553981616], [2048, 219.44168922610342], [2049, 149.62184616513696], [2054, 180.87079767050162], [2067, 166.7296218277594], [2068, 233.88598116334748], [2081, 175.3672914753035], [2085, 204.53572901870956], [2088, 171.7481627514647], [2090, 176.71430790823493], [2092, 188.19463233387373], [2094, 179.06525296475505], [2096, 225.6929873569024], [2097, 183.00970160173824]]"
352,08_ecosystem_sacrifice,生態系犠牲型,0,0,0,,,2065,2071,,,,225537388.0,170564042.3,225537388.0,223807137.5,4.132,4605.6,68.64,10220.5,0.0,"[[2040, 191.52204553981616], [2048, 219.44168922610342], [2049, 149.62184616513696], [2054, 180.87079767050162], [2067, 166.7296218277594], [2068, 233.88598116334748], [2081, 175.3672914753035], [2085, 204.53572901870956], [2088, 171.7481627514647], [2090, 176.71430790823493], [2092, 188.19463233387373], [2094, 179.06525296475505], [2096, 225.6929873569024], [2097, 183.00970160173824]]"
352,09_flood_neglect,洪水軽視型,1,0,3,2097,,2068,,,,,404375187.3,218995383.7,271864726.0,404375187.3,3.829,5000.0,76.25,10220.5,0.0,"[[2040, 191.52204553981616], [2048, 219.44168922610342], [2049, 149.62184616513696], [2054, 180.87079767050162], [2067, 166.7296218277594], [2068, 233.88598116334748], [2081, 175.3672914753035], [2085, 204.53572901870956], [2088, 171.7481627514647], [2090, 176.71430790823493], [2092, 188.19463233387373], [2094, 179.06525296475505], [2096, 225.6929873569024], [2097, 183.00970160173824]]"
422,01_no_policy,放置,1,2,4,2093,"2075,2099",2076,2095,,2075,2075,490040360.2,256514043.1,311531320.5,490040360.2,3.651,1762.4,71.64,10213.2,0.0,"[[2026, 220.70644753398875], [2027, 195.49979638729434], [2039, 151.53867836665523], [2053, 213.00869673718728], [2057, 167.97488248406057], [2075, 233.09126734548136], [2078, 212.67187283876575], [2080, 161.30657651736234], [2088, 198.95638583716794], [2092, 169.13427199489658], [2093, 187.58948011178975], [2099, 223.14147476486275], [2100, 194.01345435109323]]"
422,02_hard_infra,堤防偏重,0,0,0,,,2076,2071,,,,222472099.1,208344358.5,204609658.8,204566615.6,4.108,3221.2,68.64,10213.2,0.0,"[[2026, 220.70644753398875], [2027, 195.49979638729434], [2039, 151.53867836665523], [2053, 213.00869673718728], [2057, 167.97488248406057], [2075, 233.09126734548136], [2078, 212.67187283876575], [2080, 161.30657651736234], [2088, 198.95638583716794], [2092, 169.13427199489658], [2093, 187.58948011178975], [2099, 223.14147476486275], [2100, 194.01345435109323]]"
422,03_nature_based,自然共生偏重,1,0,3,2093,,2052,,,,,421292989.9,244471621.9,275967938.3,421292989.9,3.774,2093.7,73.48,10213.2,0.0,"[[2026, 220.70644753398875], [2027, 195.49979638729434], [2039, 151.53867836665523], [2053, 213.00869673718728], [2057, 167.97488248406057], [2075, 233.09126734548136], [2078, 212.67187283876575], [2080, 161.30657651736234], [2088, 198.95638583716794], [2092, 169.13427199489658], [2093, 187.58948011178975], [2099, 223.14147476486275], [2100, 194.01345435109323]]"
422,04_agri_rnd,農業R&D偏重,1,0,3,2093,,,,,,,389051779.5,256514043.1,265144918.4,389051779.5,3.751,2787.7,76.29,10213.2,0.0,"[[2026, 220.70644753398875], [2027, 195.49979638729434], [2039, 151.53867836665523], [2053, 213.00869673718728], [2057, 167.97488248406057], [2075, 233.09126734548136], [2078, 212.67187283876575], [2080, 161.30657651736234], [2088, 198.95638583716794], [2092, 169.13427199489658], [2093, 187.58948011178975], [2099, 223.14147476486275], [2100, 194.01345435109323]]"
422,05_relocation_capacity,移転・防災偏重,1,0,2,2093,,2076,2095,,,,341486715.1,210532139.3,281184355.3,341486715.1,0.463,2254.7,71.64,2707.5,0.391,"[[2026, 220.70644753398875], [2027, 195.49979638729434], [2039, 151.53867836665523], [2053, 213.00869673718728], [2057, 167.97488248406057], [2075, 233.09126734548136], [2078, 212.67187283876575], [2080, 161.30657651736234], [2088, 198.95638583716794], [2092, 169.13427199489658], [2093, 187.58948011178975], [2099, 223.14147476486275], [2100, 194.01345435109323]]"
422,06_balanced,バランス型,0,1,1,,2093,2088,,,,,308091977.8,201900196.7,251638968.9,308091977.8,4.013,2987.3,72.22,9700.4,0.391,"[[2026, 220.70644753398875], [2027, 195.49979638729434], [2039, 151.53867836665523], [2053, 213.00869673718728], [2057, 167.97488248406057], [2075, 233.09126734548136], [2078, 212.67187283876575], [2080, 161.30657651736234], [2088, 198.95638583716794], [2092, 169.13427199489658], [2093, 187.58948011178975], [2099, 223.14147476486275], [2100, 194.01345435109323]]"
422,07_late_response,後手対応,1,0,3,2093,,2076,2086,,,,351150425.7,254071962.3,272300216.7,351150425.7,3.754,2497.8,70.44,10213.2,0.08,"[[2026, 220.70644753398875], [2027, 195.49979638729434], [2039, 151.53867836665523], [2053, 213.00869673718728], [2057, 167.97488248406057], [2075, 233.09126734548136], [2078, 212.67187283876575], [2080, 161.30657651736234], [2088, 198.95638583716794], [2092, 169.13427199489658], [2093, 187.58948011178975], [2099, 223.14147476486275], [2100, 194.01345435109323]]"
422,08_ecosystem_sacrifice,生態系犠牲型,0,0,0,,,2076,2071,,,,222472099.1,208344358.5,204609658.8,204566615.6,4.108,3221.2,68.64,10213.2,0.0,"[[2026, 220.70644753398875], [2027, 195.49979638729434], [2039, 151.53867836665523], [2053, 213.00869673718728], [2057, 167.97488248406057], [2075, 233.09126734548136], [2078, 212.67187283876575], [2080, 161.30657651736234], [2088, 198.95638583716794], [2092, 169.13427199489658], [2093, 187.58948011178975], [2099, 223.14147476486275], [2100, 194.01345435109323]]"
422,09_flood_neglect,洪水軽視型,1,0,3,2093,,,,,,,389051779.5,256514043.1,265144918.4,389051779.5,3.751,2787.7,76.29,10213.2,0.0,"[[2026, 220.70644753398875], [2027, 195.49979638729434], [2039, 151.53867836665523], [2053, 213.00869673718728], [2057, 167.97488248406057], [2075, 233.09126734548136], [2078, 212.67187283876575], [2080, 161.30657651736234], [2088, 198.95638583716794], [2092, 169.13427199489658], [2093, 187.58948011178975], [2099, 223.14147476486275], [2100, 194.01345435109323]]"
423,01_no_policy,放置,1,3,4,2092,"2074,2098,2100",2075,2095,,2075,2075,488478491.4,255043673.7,310136813.5,488478491.4,3.658,1480.0,71.64,10129.6,0.0,"[[2026, 195.4727191288189], [2038, 151.58737776813004], [2052, 212.95353777868638], [2056, 167.9948435517892], [2074, 233.00569542021807], [2077, 212.61946607665038], [2079, 161.33646549963242], [2087, 198.9264592018815], [2091, 169.15131818405743], [2092, 187.5775923604399], [2098, 223.07452944822475], [2099, 193.9917424917622], [2100, 211.38369429239285]]"
423,02_hard_infra,堤防偏重,0,0,0,,,2075,2070,,,,207137698.3,207137698.3,203654673.5,203936273.1,4.065,2938.7,68.64,10129.6,0.0,"[[2026, 195.4727191288189], [2038, 151.58737776813004], [2052, 212.95353777868638], [2056, 167.9948435517892], [2074, 233.00569542021807], [2077, 212.61946607665038], [2079, 161.33646549963242], [2087, 198.9264592018815], [2091, 169.15131818405743], [2092, 187.5775923604399], [2098, 223.07452944822475], [2099, 193.9917424917622], [2100, 211.38369429239285]]"
423,03_nature_based,自然共生偏重,1,0,4,2092,,2051,,,,,417643019.5,243067179.8,275624203.3,417643019.5,3.778,1855.7,73.64,10129.6,0.0,"[[2026, 195.4727191288189], [2038, 151.58737776813004], [2052, 212.95353777868638], [2056, 167.9948435517892], [2074, 233.00569542021807], [2077, 212.61946607665038], [2079, 161.33646549963242], [2087, 198.9264592018815], [2091, 169.15131818405743], [2092, 187.5775923604399], [2098, 223.07452944822475], [2099, 193.9917424917622], [2100, 211.38369429239285]]"
423,04_agri_rnd,農業R&D偏重,1,0,3,2092,,,,,,,386346042.4,255043673.7,265830621.2,386346042.4,3.751,2613.1,76.45,10129.6,0.0,"[[2026, 195.4727191288189], [2038, 151.58737776813004], [2052, 212.95353777868638], [2056, 167.9948435517892], [2074, 233.00569542021807], [2077, 212.61946607665038], [2079, 161.33646549963242], [2087, 198.9264592018815], [2091, 169.15131818405743], [2092, 187.5775923604399], [2098, 223.07452944822475], [2099, 193.9917424917622], [2100, 211.38369429239285]]"
423,05_relocation_capacity,移転・防災偏重,1,0,3,2092,,2075,2095,,,,337718478.8,209257759.4,279019538.3,337718478.8,0.385,1830.6,71.64,2454.6,0.391,"[[2026, 195.4727191288189], [2038, 151.58737776813004], [2052, 212.95353777868638], [2056, 167.9948435517892], [2074, 233.00569542021807], [2077, 212.61946607665038], [2079, 161.33646549963242], [2087, 198.9264592018815], [2091, 169.15131818405743], [2092, 187.5775923604399], [2098, 223.07452944822475], [2099, 193.9917424917622], [2100, 211.38369429239285]]"
423,06_balanced,バランス型,0,1,1,,2092,2091,,,,,305644455.7,200917011.7,250669167.8,305644455.7,4.018,2671.9,72.38,9616.8,0.391,"[[2026, 195.4727191288189], [2038, 151.58737776813004], [2052, 212.95353777868638], [2056, 167.9948435517892], [2074, 233.00569542021807], [2077, 212.61946607665038], [2079, 161.33646549963242], [2087, 198.9264592018815], [2091, 169.15131818405743], [2092, 187.5775923604399], [2098, 223.07452944822475], [2099, 193.9917424917622], [2100, 211.38369429239285]]"
423,07_late_response,後手対応,1,0,3,2092,,2085,2086,,,,348604247.7,253770616.7,271075430.3,348604247.7,3.757,2240.2,70.44,10129.6,0.08,"[[2026, 195.4727191288189], [2038, 151.58737776813004], [2052, 212.95353777868638], [2056, 167.9948435517892], [2074, 233.00569542021807], [2077, 212.61946607665038], [2079, 161.33646549963242], [2087, 198.9264592018815], [2091, 169.15131818405743], [2092, 187.5775923604399], [2098, 223.07452944822475], [2099, 193.9917424917622], [2100, 211.38369429239285]]"
423,08_ecosystem_sacrifice,生態系犠牲型,0,0,0,,,2075,2070,,,,207137698.3,207137698.3,203654673.5,203936273.1,4.065,2938.7,68.64,10129.6,0.0,"[[2026, 195.4727191288189], [2038, 151.58737776813004], [2052, 212.95353777868638], [2056, 167.9948435517892], [2074, 233.00569542021807], [2077, 212.61946607665038], [2079, 161.33646549963242], [2087, 198.9264592018815], [2091, 169.15131818405743], [2092, 187.5775923604399], [2098, 223.07452944822475], [2099, 193.9917424917622], [2100, 211.38369429239285]]"
423,09_flood_neglect,洪水軽視型,1,0,3,2092,,,,,,,386346042.4,255043673.7,265830621.2,386346042.4,3.751,2613.1,76.45,10129.6,0.0,"[[2026, 195.4727191288189], [2038, 151.58737776813004], [2052, 212.95353777868638], [2056, 167.9948435517892], [2074, 233.00569542021807], [2077, 212.61946607665038], [2079, 161.33646549963242], [2087, 198.9264592018815], [2091, 169.15131818405743], [2092, 187.5775923604399], [2098, 223.07452944822475], [2099, 193.9917424917622], [2100, 211.38369429239285]]"
424,01_no_policy,放置,1,3,4,2091,"2073,2097,2099",2074,2095,,2075,2075,486901037.4,253563087.5,308731992.0,486901037.4,3.666,4407.6,71.64,10058.5,0.0,"[[2037, 151.63607716960485], [2051, 212.89837882018548], [2055, 168.0148046195178], [2073, 232.9201234949548], [2076, 212.56705931453504], [2078, 161.36635448190253], [2086, 198.89653256659503], [2090, 169.16836437321828], [2091, 187.56570460909003], [2097, 223.00758413158673], [2098, 193.97003063243116], [2099, 211.3350697107092]]"
424,02_hard_infra,堤防偏重,0,0,0,,,2074,2068,2100,,,205922877.4,205922877.4,202693239.4,203299281.5,4.071,4407.6,61.38,10058.5,0.0,"[[2037, 151.63607716960485], [2051, 212.89837882018548], [2055, 168.0148046195178], [2073, 232.9201234949548], [2076, 212.56705931453504], [2078, 161.36635448190253], [2086, 198.89653256659503], [2090, 169.16836437321828], [2091, 187.56570460909003], [2097, 223.00758413158673], [2098, 193.97003063243116], [2099, 211.3350697107092]]"
424,03_nature_based,自然共生偏重,1,0,4,2091,,2051,,,,,414576953.1,241653035.0,275282293.5,414576953.1,3.781,4363.5,73.78,10058.5,0.0,"[[2037, 151.63607716960485], [2051, 212.89837882018548], [2055, 168.0148046195178], [2073, 232.9201234949548], [2076, 212.56705931453504], [2078, 161.36635448190253], [2086, 198.89653256659503], [2090, 169.16836437321828], [2091, 187.56570460909003], [2097, 223.00758413158673], [2098, 193.97003063243116], [2099, 211.3350697107092]]"
424,04_agri_rnd,農業R&D偏重,1,0,2,2091,,,,,,,384283637.4,253563087.5,266530436.4,384283637.4,3.751,4847.6,76.59,10058.5,0.0,"[[2037, 151.63607716960485], [2051, 212.89837882018548], [2055, 168.0148046195178], [2073, 232.9201234949548], [2076, 212.56705931453504], [2078, 161.36635448190253], [2086, 198.89653256659503], [2090, 169.16836437321828], [2091, 187.56570460909003], [2097, 223.00758413158673], [2098, 193.97003063243116], [2099, 211.3350697107092]]"
424,05_relocation_capacity,移転・防災偏重,1,0,3,2091,,2074,2095,,,,332611243.0,207690872.8,276628170.9,332611243.0,0.318,4407.6,71.64,2230.8,0.391,"[[2037, 151.63607716960485], [2051, 212.89837882018548], [2055, 168.0148046195178], [2073, 232.9201234949548], [2076, 212.56705931453504], [2078, 161.36635448190253], [2086, 198.89653256659503], [2090, 169.16836437321828], [2091, 187.56570460909003], [2097, 223.00758413158673], [2098, 193.97003063243116], [2099, 211.3350697107092]]"
424,06_balanced,バランス型,0,1,0,,2091,2090,,,,,303679408.8,199897005.4,249658056.5,303679408.8,4.022,4727.8,72.52,9545.6,0.391,"[[2037, 151.63607716960485], [2051, 212.89837882018548], [2055, 168.0148046195178], [2073, 232.9201234949548], [2076, 212.56705931453504], [2078, 161.36635448190253], [2086, 198.89653256659503], [2090, 169.16836437321828], [2091, 187.56570460909003], [2097, 223.00758413158673], [2098, 193.97003063243116], [2099, 211.3350697107092]]"
424,07_late_response,後手対応,1,0,3,2091,,2085,2086,,,,345972056.8,253563087.5,269861697.2,345972056.8,3.759,4567.6,70.44,10058.5,0.08,"[[2037, 151.63607716960485], [2051, 212.89837882018548], [2055, 168.0148046195178], [2073, 232.9201234949548], [2076, 212.56705931453504], [2078, 161.36635448190253], [2086, 198.89653256659503], [2090, 169.16836437321828], [2091, 187.56570460909003], [2097, 223.00758413158673], [2098, 193.97003063243116], [2099, 211.3350697107092]]"
424,08_ecosystem_sacrifice,生態系犠牲型,0,0,0,,,2074,2068,2100,,,205922877.4,205922877.4,202693239.4,203299281.5,4.071,4407.6,61.38,10058.5,0.0,"[[2037, 151.63607716960485], [2051, 212.89837882018548], [2055, 168.0148046195178], [2073, 232.9201234949548], [2076, 212.56705931453504], [2078, 161.36635448190253], [2086, 198.89653256659503], [2090, 169.16836437321828], [2091, 187.56570460909003], [2097, 223.00758413158673], [2098, 193.97003063243116], [2099, 211.3350697107092]]"
424,09_flood_neglect,洪水軽視型,1,0,2,2091,,,,,,,384283637.4,253563087.5,266530436.4,384283637.4,3.751,4847.6,76.59,10058.5,0.0,"[[2037, 151.63607716960485], [2051, 212.89837882018548], [2055, 168.0148046195178], [2073, 232.9201234949548], [2076, 212.56705931453504], [2078, 161.36635448190253], [2086, 198.89653256659503], [2090, 169.16836437321828], [2091, 187.56570460909003], [2097, 223.00758413158673], [2098, 193.97003063243116], [2099, 211.3350697107092]]"
425,01_no_policy,放置,1,3,4,2090,"2072,2096,2098",2073,2095,,2075,2075,485307918.4,252072272.8,307316827.2,485307918.4,3.61,4568.6,71.64,10178.6,0.0,"[[2036, 151.68477657107962], [2050, 212.84321986168456], [2054, 168.03476568724642], [2072, 232.83455156969154], [2075, 212.5146525524197], [2077, 161.3962434641726], [2085, 198.86660593130856], [2090, 187.55381685774017], [2096, 222.94063881494873], [2097, 193.9483187731001], [2098, 211.28644512902554]]"
425,02_hard_infra,堤防偏重,0,0,0,,,2073,2070,,,,204699888.0,204699888.0,201725341.7,202655605.3,4.132,4568.6,68.64,10178.6,0.0,"[[2036, 151.68477657107962], [2050, 212.84321986168456], [2054, 168.03476568724642], [2072, 232.83455156969154], [2075, 212.5146525524197], [2077, 161.3962434641726], [2085, 198.86660593130856], [2090, 187.55381685774017], [2096, 222.94063881494873], [2097, 193.9483187731001], [2098, 211.28644512902554]]"
425,03_nature_based,自然共生偏重,1,0,4,2090,,2050,,,,,415519730.2,240229176.6,274942243.0,415519730.2,3.766,4522.9,73.61,10178.6,0.0,"[[2036, 151.68477657107962], [2050, 212.84321986168456], [2054, 168.03476568724642], [2072, 232.83455156969154], [2075, 212.5146525524197], [2077, 161.3962434641726], [2085, 198.86660593130856], [2090, 187.55381685774017], [2096, 222.94063881494873], [2097, 193.9483187731001], [2098, 211.28644512902554]]"
425,04_agri_rnd,農業R&D偏重,1,0,3,2090,,,,,,,386607084.2,252072272.8,267244464.1,386607084.2,3.775,5000.0,76.41,10178.6,0.0,"[[2036, 151.68477657107962], [2050, 212.84321986168456], [2054, 168.03476568724642], [2072, 232.83455156969154], [2075, 212.5146525524197], [2077, 161.3962434641726], [2085, 198.86660593130856], [2090, 187.55381685774017], [2096, 222.94063881494873], [2097, 193.9483187731001], [2098, 211.28644512902554]]"
425,05_relocation_capacity,移転・防災偏重,1,0,3,2090,,2073,2095,,,,334652494.5,206911411.9,275838124.2,334652494.5,0.351,4568.6,71.64,2543.1,0.391,"[[2036, 151.68477657107962], [2050, 212.84321986168456], [2054, 168.03476568724642], [2072, 232.83455156969154], [2075, 212.5146525524197], [2077, 161.3962434641726], [2085, 198.86660593130856], [2090, 187.55381685774017], [2096, 222.94063881494873], [2097, 193.9483187731001], [2098, 211.28644512902554]]"
425,06_balanced,バランス型,0,1,0,,2090,2089,,,,,305785383.1,198989006.3,248703141.5,305785383.1,3.99,4887.5,72.38,9665.7,0.391,"[[2036, 151.68477657107962], [2050, 212.84321986168456], [2054, 168.03476568724642], [2072, 232.83455156969154], [2075, 212.5146525524197], [2077, 161.3962434641726], [2085, 198.86660593130856], [2090, 187.55381685774017], [2096, 222.94063881494873], [2097, 193.9483187731001], [2098, 211.28644512902554]]"
425,07_late_response,後手対応,1,0,3,2090,,2073,2086,,,,343249822.2,252072272.8,268660785.1,343249822.2,3.788,4688.6,70.44,10178.6,0.08,"[[2036, 151.68477657107962], [2050, 212.84321986168456], [2054, 168.03476568724642], [2072, 232.83455156969154], [2075, 212.5146525524197], [2077, 161.3962434641726], [2085, 198.86660593130856], [2090, 187.55381685774017], [2096, 222.94063881494873], [2097, 193.9483187731001], [2098, 211.28644512902554]]"
425,08_ecosystem_sacrifice,生態系犠牲型,0,0,0,,,2073,2070,,,,204699888.0,204699888.0,201725341.7,202655605.3,4.132,4568.6,68.64,10178.6,0.0,"[[2036, 151.68477657107962], [2050, 212.84321986168456], [2054, 168.03476568724642], [2072, 232.83455156969154], [2075, 212.5146525524197], [2077, 161.3962434641726], [2085, 198.86660593130856], [2090, 187.55381685774017], [2096, 222.94063881494873], [2097, 193.9483187731001], [2098, 211.28644512902554]]"
425,09_flood_neglect,洪水軽視型,1,0,3,2090,,,,,,,386607084.2,252072272.8,267244464.1,386607084.2,3.775,5000.0,76.41,10178.6,0.0,"[[2036, 151.68477657107962], [2050, 212.84321986168456], [2054, 168.03476568724642], [2072, 232.83455156969154], [2075, 212.5146525524197], [2077, 161.3962434641726], [2085, 198.86660593130856], [2090, 187.55381685774017], [2096, 222.94063881494873], [2097, 193.9483187731001], [2098, 211.28644512902554]]"
426,01_no_policy,放置,1,3,4,2089,"2071,2095,2097",2072,2095,,2075,2075,483699055.2,202378579.3,305891291.0,483699055.2,3.618,4619.7,71.64,10255.4,0.0,"[[2035, 151.73347597255443], [2049, 212.78806090318366], [2053, 168.05472675497504], [2071, 232.7489796444283], [2074, 212.46224579030437], [2076, 161.42613244644272], [2084, 198.8366792960221], [2089, 187.5419291063903], [2095, 222.87369349831073], [2096, 193.92660691376906], [2097, 211.2378205473419]]"
426,02_hard_infra,堤防偏重,0,0,0,,,2072,2070,,,,203468723.1,154208894.7,200750966.4,202005209.5,4.137,4619.7,68.64,10255.4,0.0,"[[2035, 151.73347597255443], [2049, 212.78806090318366], [2053, 168.05472675497504], [2071, 232.7489796444283], [2074, 212.46224579030437], [2076, 161.42613244644272], [2084, 198.8366792960221], [2089, 187.5419291063903], [2095, 222.87369349831073], [2096, 193.92660691376906], [2097, 211.2378205473419]]"
426,03_nature_based,自然共生偏重,1,0,4,2089,,2049,,,,,414216835.2,190336158.1,274604086.2,414216835.2,3.77,4573.5,73.61,10255.4,0.0,"[[2035, 151.73347597255443], [2049, 212.78806090318366], [2053, 168.05472675497504], [2071, 232.7489796444283], [2074, 212.46224579030437], [2076, 161.42613244644272], [2084, 198.8366792960221], [2089, 187.5419291063903], [2095, 222.87369349831073], [2096, 193.92660691376906], [2097, 211.2378205473419]]"
426,04_agri_rnd,農業R&D偏重,1,0,3,2089,,,,,,,386442965.4,202378579.3,267972804.5,386442965.4,3.775,5000.0,76.41,10255.4,0.0,"[[2035, 151.73347597255443], [2049, 212.78806090318366], [2053, 168.05472675497504], [2071, 232.7489796444283], [2074, 212.46224579030437], [2076, 161.42613244644272], [2084, 198.8366792960221], [2089, 187.5419291063903], [2095, 222.87369349831073], [2096, 193.92660691376906], [2097, 211.2378205473419]]"
426,05_relocation_capacity,移転・防災偏重,1,0,3,2089,,2072,2095,,,,331321259.4,133847491.9,273892278.7,331321259.4,0.358,4619.7,71.64,2615.9,0.391,"[[2035, 151.73347597255443], [2049, 212.78806090318366], [2053, 168.05472675497504], [2071, 232.7489796444283], [2074, 212.46224579030437], [2076, 161.42613244644272], [2084, 198.8366792960221], [2089, 187.5419291063903], [2095, 222.87369349831073], [2096, 193.92660691376906], [2097, 211.2378205473419]]"
426,06_balanced,バランス型,0,1,0,,2089,2088,,,,,305708480.4,138917024.4,247675548.2,305708480.4,3.994,4938.2,72.38,9742.6,0.391,"[[2035, 151.73347597255443], [2049, 212.78806090318366], [2053, 168.05472675497504], [2071, 232.7489796444283], [2074, 212.46224579030437], [2076, 161.42613244644272], [2084, 198.8366792960221], [2089, 187.5419291063903], [2095, 222.87369349831073], [2096, 193.92660691376906], [2097, 211.2378205473419]]"
426,07_late_response,後手対応,1,0,3,2089,,2072,2086,,,,400474437.7,198526047.1,267474592.3,400474437.7,3.79,4739.7,70.44,10255.4,0.08,"[[2035, 151.73347597255443], [2049, 212.78806090318366], [2053, 168.05472675497504], [2071, 232.7489796444283], [2074, 212.46224579030437], [2076, 161.42613244644272], [2084, 198.8366792960221], [2089, 187.5419291063903], [2095, 222.87369349831073], [2096, 193.92660691376906], [2097, 211.2378205473419]]"
426,08_ecosystem_sacrifice,生態系犠牲型,0,0,0,,,2072,2070,,,,203468723.1,154208894.7,200750966.4,202005209.5,4.137,4619.7,68.64,10255.4,0.0,"[[2035, 151.73347597255443], [2049, 212.78806090318366], [2053, 168.05472675497504], [2071, 232.7489796444283], [2074, 212.46224579030437], [2076, 161.42613244644272], [2084, 198.8366792960221], [2089, 187.5419291063903], [2095, 222.87369349831073], [2096, 193.92660691376906], [2097, 211.2378205473419]]"
426,09_flood_neglect,洪水軽視型,1,0,3,2089,,,,,,,386442965.4,202378579.3,267972804.5,386442965.4,3.775,5000.0,76.41,10255.4,0.0,"[[2035, 151.73347597255443], [2049, 212.78806090318366], [2053, 168.05472675497504], [2071, 232.7489796444283], [2074, 212.46224579030437], [2076, 161.42613244644272], [2084, 198.8366792960221], [2089, 187.5419291063903], [2095, 222.87369349831073], [2096, 193.92660691376906], [2097, 211.2378205473419]]"
427,01_no_policy,放置,1,3,3,2088,"2070,2094,2096",2071,2095,,2075,2075,482074369.6,201294546.6,304455356.4,482074369.6,3.194,4575.6,71.64,10205.6,0.0,"[[2034, 151.78217537402924], [2048, 212.73290194468274], [2052, 168.07468782270365], [2070, 232.663407719165], [2073, 212.40983902818903], [2075, 161.4560214287128], [2083, 198.80675266073564], [2088, 187.53004135504045], [2094, 222.80674818167273], [2095, 193.90489505443801], [2096, 211.18919596565823]]"
427,02_hard_infra,堤防偏重,0,0,0,,,2071,2070,,,,202229376.2,153388571.2,199770099.9,201348059.3,3.925,4575.6,68.64,10205.6,0.0,"[[2034, 151.78217537402924], [2048, 212.73290194468274], [2052, 168.07468782270365], [2070, 232.663407719165], [2073, 212.40983902818903], [2075, 161.4560214287128], [2083, 198.80675266073564], [2088, 187.53004135504045], [2094, 222.80674818167273], [2095, 193.90489505443801], [2096, 211.18919596565823]]"
427,03_nature_based,自然共生偏重,1,0,3,2088,,2053,,,,,412905673.9,189318052.8,274267857.7,412905673.9,3.398,4529.8,73.61,10205.6,0.0,"[[2034, 151.78217537402924], [2048, 212.73290194468274], [2052, 168.07468782270365], [2070, 232.663407719165], [2073, 212.40983902818903], [2075, 161.4560214287128], [2083, 198.80675266073564], [2088, 187.53004135504045], [2094, 222.80674818167273], [2095, 193.90489505443801], [2096, 211.18919596565823]]"
427,04_agri_rnd,農業R&D偏重,1,0,2,2088,,,,,,,386289213.0,201294546.6,268715557.1,386289213.0,3.407,5000.0,76.42,10205.6,0.0,"[[2034, 151.78217537402924], [2048, 212.73290194468274], [2052, 168.07468782270365], [2070, 232.663407719165], [2073, 212.40983902818903], [2075, 161.4560214287128], [2083, 198.80675266073564], [2088, 187.53004135504045], [2094, 222.80674818167273], [2095, 193.90489505443801], [2096, 211.18919596565823]]"
427,05_relocation_capacity,移転・防災偏重,1,0,3,2088,,2071,2095,,,,331686938.0,132968318.2,271821824.5,331686938.0,0.401,4575.6,71.64,3174.7,0.391,"[[2034, 151.78217537402924], [2048, 212.73290194468274], [2052, 168.07468782270365], [2070, 232.663407719165], [2073, 212.40983902818903], [2075, 161.4560214287128], [2083, 198.80675266073564], [2088, 187.53004135504045], [2094, 222.80674818167273], [2095, 193.90489505443801], [2096, 211.18919596565823]]"
427,06_balanced,バランス型,0,1,0,,2088,2087,,,,,305590625.3,138573088.0,246630378.5,305590625.3,3.729,4894.4,72.38,9692.8,0.391,"[[2034, 151.78217537402924], [2048, 212.73290194468274], [2052, 168.07468782270365], [2070, 232.663407719165], [2073, 212.40983902818903], [2075, 161.4560214287128], [2083, 198.80675266073564], [2088, 187.53004135504045], [2094, 222.80674818167273], [2095, 193.90489505443801], [2096, 211.18919596565823]]"
427,07_late_response,後手対応,1,0,3,2088,,2073,2086,,,,358401935.9,199307658.2,296102225.6,358401935.9,3.415,4839.8,71.04,10205.6,0.369,"[[2034, 151.78217537402924], [2048, 212.73290194468274], [2052, 168.07468782270365], [2070, 232.663407719165], [2073, 212.40983902818903], [2075, 161.4560214287128], [2083, 198.80675266073564], [2088, 187.53004135504045], [2094, 222.80674818167273], [2095, 193.90489505443801], [2096, 211.18919596565823]]"
427,08_ecosystem_sacrifice,生態系犠牲型,0,0,0,,,2071,2070,,,,202229376.2,153388571.2,199770099.9,201348059.3,3.925,4575.6,68.64,10205.6,0.0,"[[2034, 151.78217537402924], [2048, 212.73290194468274], [2052, 168.07468782270365], [2070, 232.663407719165], [2073, 212.40983902818903], [2075, 161.4560214287128], [2083, 198.80675266073564], [2088, 187.53004135504045], [2094, 222.80674818167273], [2095, 193.90489505443801], [2096, 211.18919596565823]]"
427,09_flood_neglect,洪水軽視型,1,0,2,2088,,,,,,,386289213.0,201294546.6,268715557.1,386289213.0,3.407,5000.0,76.42,10205.6,0.0,"[[2034, 151.78217537402924], [2048, 212.73290194468274], [2052, 168.07468782270365], [2070, 232.663407719165], [2073, 212.40983902818903], [2075, 161.4560214287128], [2083, 198.80675266073564], [2088, 187.53004135504045], [2094, 222.80674818167273], [2095, 193.90489505443801], [2096, 211.18919596565823]]"
428,01_no_policy,放置,1,3,3,2087,"2069,2093,2095",2070,2095,,2075,2075,480433783.8,200201609.8,303008997.0,480433783.8,3.203,4581.1,71.64,10277.4,0.0,"[[2047, 212.67774298618184], [2051, 168.09464889043227], [2069, 232.57783579390173], [2072, 212.35743226607366], [2074, 161.4859104109829], [2082, 198.77682602544917], [2087, 187.5181536036906], [2093, 222.73980286503473], [2094, 193.883183195107], [2095, 211.1405713839746]]"
428,02_hard_infra,堤防偏重,0,0,0,,,2070,2070,,,,224839296.3,152561399.7,224839296.3,200684120.1,3.879,4581.1,68.64,10277.4,0.0,"[[2047, 212.67774298618184], [2051, 168.09464889043227], [2069, 232.57783579390173], [2072, 212.35743226607366], [2074, 161.4859104109829], [2082, 198.77682602544917], [2087, 187.5181536036906], [2093, 222.73980286503473], [2094, 193.883183195107], [2095, 211.1405713839746]]"
428,03_nature_based,自然共生偏重,1,0,3,2087,,2052,,,,,410630777.8,188291557.3,273933592.2,410630777.8,3.402,4535.2,73.72,10277.4,0.0,"[[2047, 212.67774298618184], [2051, 168.09464889043227], [2069, 232.57783579390173], [2072, 212.35743226607366], [2074, 161.4859104109829], [2082, 198.77682602544917], [2087, 187.5181536036906], [2093, 222.73980286503473], [2094, 193.883183195107], [2095, 211.1405713839746]]"
428,04_agri_rnd,農業R&D偏重,1,0,1,2087,,,,,,,385109570.7,200201609.8,269472820.9,385109570.7,3.405,5000.0,76.53,10277.4,0.0,"[[2047, 212.67774298618184], [2051, 168.09464889043227], [2069, 232.57783579390173], [2072, 212.35743226607366], [2074, 161.4859104109829], [2082, 198.77682602544917], [2087, 187.5181536036906], [2093, 222.73980286503473], [2094, 193.883183195107], [2095, 211.1405713839746]]"
428,05_relocation_capacity,移転・防災偏重,0,1,3,,2087,2070,2095,,,,327401581.4,132765892.6,269773122.3,327401581.4,0.345,4581.1,71.64,3112.1,0.391,"[[2047, 212.67774298618184], [2051, 168.09464889043227], [2069, 232.57783579390173], [2072, 212.35743226607366], [2074, 161.4859104109829], [2082, 198.77682602544917], [2087, 187.5181536036906], [2093, 222.73980286503473], [2094, 193.883183195107], [2095, 211.1405713839746]]"
428,06_balanced,バランス型,0,1,0,,2087,2086,,,,,304698538.1,138328393.3,245626428.9,304698538.1,3.733,4899.9,72.48,9764.6,0.391,"[[2047, 212.67774298618184], [2051, 168.09464889043227], [2069, 232.57783579390173], [2072, 212.35743226607366], [2074, 161.4859104109829], [2082, 198.77682602544917], [2087, 187.5181536036906], [2093, 222.73980286503473], [2094, 193.883183195107], [2095, 211.1405713839746]]"
428,07_late_response,後手対応,1,0,3,2087,,2082,2086,,,,357706101.8,200201609.8,294751210.0,357706101.8,3.418,4845.2,71.04,10277.4,0.369,"[[2047, 212.67774298618184], [2051, 168.09464889043227], [2069, 232.57783579390173], [2072, 212.35743226607366], [2074, 161.4859104109829], [2082, 198.77682602544917], [2087, 187.5181536036906], [2093, 222.73980286503473], [2094, 193.883183195107], [2095, 211.1405713839746]]"
428,08_ecosystem_sacrifice,生態系犠牲型,0,0,0,,,2070,2070,,,,224839296.3,152561399.7,224839296.3,200684120.1,3.879,4581.1,68.64,10277.4,0.0,"[[2047, 212.67774298618184], [2051, 168.09464889043227], [2069, 232.57783579390173], [2072, 212.35743226607366], [2074, 161.4859104109829], [2082, 198.77682602544917], [2087, 187.5181536036906], [2093, 222.73980286503473], [2094, 193.883183195107], [2095, 211.1405713839746]]"
428,09_flood_neglect,洪水軽視型,1,0,1,2087,,,,,,,385109570.7,200201609.8,269472820.9,385109570.7,3.405,5000.0,76.53,10277.4,0.0,"[[2047, 212.67774298618184], [2051, 168.09464889043227], [2069, 232.57783579390173], [2072, 212.35743226607366], [2074, 161.4859104109829], [2082, 198.77682602544917], [2087, 187.5181536036906], [2093, 222.73980286503473], [2094, 193.883183195107], [2095, 211.1405713839746]]"
429,01_no_policy,放置,1,3,3,2086,"2068,2092,2094",2069,2095,,2075,2075,478777221.0,199099749.8,301552187.1,478777221.0,3.611,4585.0,71.64,10549.3,0.0,"[[2046, 212.62258402768094], [2050, 168.11460995816088], [2068, 232.49226386863847], [2071, 212.30502550395832], [2073, 161.515799393253], [2081, 198.74689939016272], [2086, 187.50626585234073], [2092, 222.6728575483967], [2093, 193.86147133577595], [2094, 211.09194680229092]]"
429,02_hard_infra,堤防偏重,0,0,0,,,2069,2070,,,,223729678.4,151727365.0,223729678.4,200013357.8,4.189,4585.0,68.64,10549.3,0.0,"[[2046, 212.62258402768094], [2050, 168.11460995816088], [2068, 232.49226386863847], [2071, 212.30502550395832], [2073, 161.515799393253], [2081, 198.74689939016272], [2086, 187.50626585234073], [2092, 222.6728575483967], [2093, 193.86147133577595], [2094, 211.09194680229092]]"
429,03_nature_based,自然共生偏重,1,0,3,2086,,2069,,,,,410415402.5,187256653.6,273601324.7,410415402.5,3.78,4539.2,73.59,10549.3,0.0,"[[2046, 212.62258402768094], [2050, 168.11460995816088], [2068, 232.49226386863847], [2071, 212.30502550395832], [2073, 161.515799393253], [2081, 198.74689939016272], [2086, 187.50626585234073], [2092, 222.6728575483967], [2093, 193.86147133577595], [2094, 211.09194680229092]]"
429,04_agri_rnd,農業R&D偏重,1,0,2,2086,,,,,,,386229137.8,199099749.8,270244694.9,386229137.8,3.801,5000.0,76.39,10549.3,0.0,"[[2046, 212.62258402768094], [2050, 168.11460995816088], [2068, 232.49226386863847], [2071, 212.30502550395832], [2073, 161.515799393253], [2081, 198.74689939016272], [2086, 187.50626585234073], [2092, 222.6728575483967], [2093, 193.86147133577595], [2094, 211.09194680229092]]"
429,05_relocation_capacity,移転・防災偏重,0,1,3,,2086,2069,2095,,,,325073018.7,133464243.7,268808229.6,325073018.7,0.379,4585.0,71.64,2898.0,0.391,"[[2046, 212.62258402768094], [2050, 168.11460995816088], [2068, 232.49226386863847], [2071, 212.30502550395832], [2073, 161.515799393253], [2081, 198.74689939016272], [2086, 187.50626585234073], [2092, 222.6728575483967], [2093, 193.86147133577595], [2094, 211.09194680229092]]"
429,06_balanced,バランス型,0,1,0,,2086,2085,,,,,305802729.7,138199084.1,244673520.9,305802729.7,4.014,4903.8,72.38,10036.4,0.391,"[[2046, 212.62258402768094], [2050, 168.11460995816088], [2068, 232.49226386863847], [2071, 212.30502550395832], [2073, 161.515799393253], [2081, 198.74689939016272], [2086, 187.50626585234073], [2092, 222.6728575483967], [2093, 193.86147133577595], [2094, 211.09194680229092]]"
429,07_late_response,後手対応,1,0,2,2086,,2080,2086,,,,391232980.4,199099749.8,293411787.2,391232980.4,3.823,4705.0,70.44,10549.3,0.08,"[[2046, 212.62258402768094], [2050, 168.11460995816088], [2068, 232.49226386863847], [2071, 212.30502550395832], [2073, 161.515799393253], [2081, 198.74689939016272], [2086, 187.50626585234073], [2092, 222.6728575483967], [2093, 193.86147133577595], [2094, 211.09194680229092]]"
429,08_ecosystem_sacrifice,生態系犠牲型,0,0,0,,,2069,2070,,,,223729678.4,151727365.0,223729678.4,200013357.8,4.189,4585.0,68.64,10549.3,0.0,"[[2046, 212.62258402768094], [2050, 168.11460995816088], [2068, 232.49226386863847], [2071, 212.30502550395832], [2073, 161.515799393253], [2081, 198.74689939016272], [2086, 187.50626585234073], [2092, 222.6728575483967], [2093, 193.86147133577595], [2094, 211.09194680229092]]"
429,09_flood_neglect,洪水軽視型,1,0,2,2086,,,,,,,386229137.8,199099749.8,270244694.9,386229137.8,3.801,5000.0,76.39,10549.3,0.0,"[[2046, 212.62258402768094], [2050, 168.11460995816088], [2068, 232.49226386863847], [2071, 212.30502550395832], [2073, 161.515799393253], [2081, 198.74689939016272], [2086, 187.50626585234073], [2092, 222.6728575483967], [2093, 193.86147133577595], [2094, 211.09194680229092]]"
430,01_no_policy,放置,1,3,3,2085,"2067,2091,2093",2068,2095,,2075,2075,477104604.8,0.0,300084902.0,477104604.8,3.618,4637.1,71.64,10421.1,0.0,"[[2045, 212.56742506918002], [2049, 168.1345710258895], [2067, 232.4066919433752], [2070, 212.25261874184298], [2072, 161.54568837552307], [2080, 198.71697275487625], [2085, 187.49437810099087], [2091, 222.6059122317587], [2092, 193.8397594764449], [2093, 211.04332222060728]]"
430,02_hard_infra,堤防偏重,0,0,0,,,2068,2070,,,,222612545.4,0.0,222612545.4,199335738.3,4.193,4637.1,68.64,10421.1,0.0,"[[2045, 212.56742506918002], [2049, 168.1345710258895], [2067, 232.4066919433752], [2070, 212.25261874184298], [2072, 161.54568837552307], [2080, 198.71697275487625], [2085, 187.49437810099087], [2091, 222.6059122317587], [2092, 193.8397594764449], [2093, 211.04332222060728]]"
430,03_nature_based,自然共生偏重,1,0,3,2085,,2068,,,,,409055137.0,0.0,273271090.1,409055137.0,3.781,4590.8,73.59,10421.1,0.0,"[[2045, 212.56742506918002], [2049, 168.1345710258895], [2067, 232.4066919433752], [2070, 212.25261874184298], [2072, 161.54568837552307], [2080, 198.71697275487625], [2085, 187.49437810099087], [2091, 222.6059122317587], [2092, 193.8397594764449], [2093, 211.04332222060728]]"
430,04_agri_rnd,農業R&D偏重,1,0,2,2085,,,,,,,386073053.5,0.0,271031277.2,386073053.5,3.797,5000.0,76.39,10421.1,0.0,"[[2045, 212.56742506918002], [2049, 168.1345710258895], [2067, 232.4066919433752], [2070, 212.25261874184298], [2072, 161.54568837552307], [2080, 198.71697275487625], [2085, 187.49437810099087], [2091, 222.6059122317587], [2092, 193.8397594764449], [2093, 211.04332222060728]]"
430,05_relocation_capacity,移転・防災偏重,0,1,3,,2085,2068,2095,,,,322067177.0,0.0,266910820.7,322067177.0,0.386,4637.1,71.64,2765.1,0.391,"[[2045, 212.56742506918002], [2049, 168.1345710258895], [2067, 232.4066919433752], [2070, 212.25261874184298], [2072, 161.54568837552307], [2080, 198.71697275487625], [2085, 187.49437810099087], [2091, 222.6059122317587], [2092, 193.8397594764449], [2093, 211.04332222060728]]"
430,06_balanced,バランス型,0,1,0,,2085,2084,,,,,305916581.7,0.0,243646106.6,305916581.7,4.018,4955.5,72.36,9908.3,0.391,"[[2045, 212.56742506918002], [2049, 168.1345710258895], [2067, 232.4066919433752], [2070, 212.25261874184298], [2072, 161.54568837552307], [2080, 198.71697275487625], [2085, 187.49437810099087], [2091, 222.6059122317587], [2092, 193.8397594764449], [2093, 211.04332222060728]]"
430,07_late_response,後手対応,1,0,2,2085,,2079,2086,,,,387933425.4,0.0,292085984.6,387933425.4,3.828,4757.1,70.44,10421.1,0.08,"[[2045, 212.56742506918002], [2049, 168.1345710258895], [2067, 232.4066919433752], [2070, 212.25261874184298], [2072, 161.54568837552307], [2080, 198.71697275487625], [2085, 187.49437810099087], [2091, 222.6059122317587], [2092, 193.8397594764449], [2093, 211.04332222060728]]"
430,08_ecosystem_sacrifice,生態系犠牲型,0,0,0,,,2068,2070,,,,222612545.4,0.0,222612545.4,199335738.3,4.193,4637.1,68.64,10421.1,0.0,"[[2045, 212.56742506918002], [2049, 168.1345710258895], [2067, 232.4066919433752], [2070, 212.25261874184298], [2072, 161.54568837552307], [2080, 198.71697275487625], [2085, 187.49437810099087], [2091, 222.6059122317587], [2092, 193.8397594764449], [2093, 211.04332222060728]]"
430,09_flood_neglect,洪水軽視型,1,0,2,2085,,,,,,,386073053.5,0.0,271031277.2,386073053.5,3.797,5000.0,76.39,10421.1,0.0,"[[2045, 212.56742506918002], [2049, 168.1345710258895], [2067, 232.4066919433752], [2070, 212.25261874184298], [2072, 161.54568837552307], [2080, 198.71697275487625], [2085, 187.49437810099087], [2091, 222.6059122317587], [2092, 193.8397594764449], [2093, 211.04332222060728]]"
